seed,relation,doi,year,cited_by,venue,title
Akbarzadeh 2005,ссылается,10.1063/1.3060771,1959,14153,Physics Today,The Properties of Gases and Liquids
Akbarzadeh 2005,ссылается,10.5860/choice.38-5036,2001,12992,Choice Reviews Online,The properties of gases and liquids
Akbarzadeh 2005,ссылается,10.1201/9780824742119,1999,2137,CRC Press eBooks,The Chemistry and Technology of Petroleum
Akbarzadeh 2005,ссылается,10.1038/138742a0,1936,1426,Nature,Solubility of Non-Electrolytes
Akbarzadeh 2005,ссылается,10.1201/9781315140575,2017,1255,Routledge eBooks,CRC Handbook of Solubility Parameters and Other Cohesion Parameters
Akbarzadeh 2005,ссылается,10.1021/ie000073r,2000,291,Industrial & Engineering Chemistry Resea,Investigation of Asphaltene Association with Vapor Pressure Osmometry and Interfacial Tension Measurements
Akbarzadeh 2005,ссылается,10.1021/ef010213p,2002,220,Energy & Fuels,Sensitivity of Asphaltene Properties to Separation Techniques
Akbarzadeh 2005,ссылается,10.1002/aic.690491124,2003,198,AIChE Journal,Regular solution model for asphaltene precipitation from bitumens and solvents
Akbarzadeh 2005,ссылается,10.1002/aic.690421222,1996,198,AIChE Journal,Molar mass distribution and solubility modeling of asphaltenes
Akbarzadeh 2005,ссылается,10.2118/17376-pa,1991,191,SPE Reservoir Engineering,Organic Deposition From Reservoir Fluids: A Thermodynamic Predictive Technique
Akbarzadeh 2005,ссылается,10.2118/5827-pa,1977,186,Journal of Petroleum Technology,Multiple Phase Behavior in Porous Media During CO2 or Rich-Gas Flooding
Akbarzadeh 2005,ссылается,10.1021/ie0103963,2001,161,Industrial & Engineering Chemistry Resea,An Asphaltene Association Model Analogous to Linear Polymerization
Akbarzadeh 2005,ссылается,10.1063/1.1724018,1945,160,The Journal of Chemical Physics,The Thermodynamics of High-Polymer Solutions: I. The Free Energy of Mixing of Solvents and Polymers of Heterogeneous Distribution
Akbarzadeh 2005,ссылается,10.1063/1.1724019,1945,107,The Journal of Chemical Physics,The Thermodynamics of High-Polymer Solutions: II. The Solubility and Fractionation of a Polymer of Heterogeneous Distribution
Akbarzadeh 2005,ссылается,10.1021/ef049956b,2004,87,Energy & Fuels,Methodology for the Characterization and Modeling of Asphaltene Precipitation from Heavy Oils Diluted with n-Alkanes
Akbarzadeh 2005,ссылается,10.2118/2004-026-ea,2004,25,Canadian International Petroleum Confere,Asphaltene Precipitation From Bitumen Diluted With n-Alkanes
Akbarzadeh 2005,ссылается,10.1080/10916469708949672,1997,13,Petroleum Science and Technology,An explanation for solid-liquid-liquid-vapour phase behaviour in reservoir fluids
Akbarzadeh 2005,ссылается,10.11575/prism/11430,2003,9,Libraries and Cultural Resources (Univer,Asphaltene deposition in flowing systems
Akbarzadeh 2005,ссылается,10.1021/bk-1986-0300.ch023,1986,9,ACS symposium series,Convergence Behavior of Single-Stage Flash Calculations
Akbarzadeh 2005,ссылается,10.11575/prism/15764,1985,9,Libraries and Cultural Resources (Univer,Convergence behaviour of single stage flash calculations
Akbarzadeh 2005,цитирует,10.1021/acs.energyfuels.1c01837,2021,73,Energy & Fuels,Distributed Properties of Asphaltene Nanoaggregates in Crude Oils: A Review
Akbarzadeh 2005,цитирует,10.1016/j.molstruc.2021.130425,2021,53,Journal of Molecular Structure,"A review on asphaltenes characterization by X-ray diffraction: Fundamentals, challenges, and tips"
Akbarzadeh 2005,цитирует,10.1016/j.ces.2020.116417,2021,53,Chemical Engineering Science,Molecular dynamics simulation to investigate the effect of polythiophene-coated Fe3O4 nanoparticles on asphaltene precipitation
Akbarzadeh 2005,цитирует,10.1016/j.fuel.2021.122911,2021,34,Fuel,Systematical study on dimethyl ether as a renewable solvent for warm VAPEX and its significant implications for the heavy oil industry
Akbarzadeh 2005,цитирует,10.1021/acs.iecr.2c02532,2022,31,Industrial & Engineering Chemistry Resea,"Compatibility of Crude Oil Blends─Processing Issues Related to Asphaltene Precipitation, Methods of Instability Prediction─A Review"
Akbarzadeh 2005,цитирует,10.1016/j.molliq.2022.118470,2022,25,Journal of Molecular Liquids,Effects of asphaltene structure and polythiophene-coated magnetite nanoparticles on surface topography and wettability alteration of silica 
Akbarzadeh 2005,цитирует,10.1016/j.cej.2022.138873,2022,24,Chemical Engineering Journal,Asphaltene precipitation under controlled mixing conditions in a microchamber
Akbarzadeh 2005,цитирует,10.1016/j.jece.2024.114329,2024,20,Journal of environmental chemical engine,Advances in oil sludge separation technology and mechanism at normal temperature: A review
Akbarzadeh 2005,цитирует,10.1016/j.jaap.2024.106432,2024,19,Journal of Analytical and Applied Pyroly,Pyrolysis of heavy fuel oil (HFO) – A review on physicochemical properties and pyrolytic decomposition characteristics for application in no
Akbarzadeh 2005,цитирует,10.1016/j.molliq.2023.121347,2023,16,Journal of Molecular Liquids,A molecular dynamics approach to investigate effect of pressure on asphaltene self-aggregation
Akbarzadeh 2005,цитирует,10.2118/215835-pa,2023,15,SPE Reservoir Evaluation & Engineering,Comparative Evaluation of a Functions for the Soave-Redlich-Kwong Equation of State and the Peng-Robinson Equation of State to Predict Satur
Akbarzadeh 2005,цитирует,10.1021/acs.energyfuels.1c01049,2021,14,Energy & Fuels,Asphaltene Precipitation from Heavy Oil Diluted with Petroleum Solvents
Akbarzadeh 2005,цитирует,10.1016/j.fuel.2025.134565,2025,13,Fuel,Enhanced recovery of high-quality oil from oily sludge using solution extraction
Akbarzadeh 2005,цитирует,10.1002/cjce.24059,2021,13,The Canadian Journal of Chemical Enginee,Regular solution theory applied to asphaltene related phase behaviour
Akbarzadeh 2005,цитирует,10.1016/j.fuel.2022.124057,2022,11,Fuel,Size distribution of primary submicron particles and larger aggregates in solvent-induced asphaltene precipitation in a model oil system
Akbarzadeh 2005,цитирует,10.1016/j.petsci.2021.09.013,2021,10,Petroleum Science,High molecular weight guar gum assisted settling of fine solids in diluted bitumen: Effect of solvents
Akbarzadeh 2005,цитирует,10.1021/acs.jced.0c00988,2021,10,Journal of Chemical & Engineering Data,"Measurement of Fluid Phase Equilibria for High Gas Ratio Mixtures of Carbon Dioxide, Methane, and Brazilian Presalt Crude Oil"
Akbarzadeh 2005,цитирует,10.1016/j.tsep.2023.101742,2023,9,Thermal Science and Engineering Progress,Experimental study on crude oil fouling in preheat exchangers at different operating conditions
Akbarzadeh 2005,цитирует,10.1021/acs.energyfuels.2c00996,2022,9,Energy & Fuels,Effect of Solvents on the Stability of Water-in-Bitumen Emulsions
Akbarzadeh 2005,цитирует,10.1080/01932691.2021.1980001,2021,9,Journal of Dispersion Science and Techno,Study on inhibition behaviors of asphaltene inhibitor to asphaltene aggregations
Akbarzadeh 2005,цитирует,10.1080/01932691.2022.2158850,2022,7,Journal of Dispersion Science and Techno,The study on interactions between stabilizers and asphaltenes
Akbarzadeh 2005,цитирует,10.1016/j.applthermaleng.2024.124876,2024,6,Applied Thermal Engineering,Effect of water presence on asphaltene-precipitation behavior of CO2 and crude oil mixtures during CCUS processes
Akbarzadeh 2005,цитирует,10.3390/en15051755,2022,6,Energies,Empirical Modeling of Viscosities and Softening Points of Straight-Run Vacuum Residues from Different Origins and of Hydrocracked Unconverte
Akbarzadeh 2005,цитирует,10.1016/j.molliq.2021.117523,2021,6,Journal of Molecular Liquids,Effect of temperature on the solubility of SARA components in n-Alkane (C3-C5) deasphalting: Molecular simulation and experimental study
Akbarzadeh 2005,цитирует,10.1002/cjce.24247,2021,6,The Canadian Journal of Chemical Enginee,On the applicability of regular solution and Flory‐Huggins theories to asphaltene liquid mixtures
Akbarzadeh 2005,цитирует,10.1021/acs.jced.1c00275,2021,6,Journal of Chemical & Engineering Data,Solubility Parameter of Methane in Bitumen
Akbarzadeh 2005,цитирует,10.1080/10916466.2023.2210164,2023,5,Petroleum Science and Technology,Simplified regular solution model for asphaltenes precipitation in crude oil blends
Akbarzadeh 2005,цитирует,10.1039/d3re00036b,2023,5,Reaction Chemistry & Engineering,Thermo-oxidative conversion of PDC as a molecular model of residual feedstocks to oxygen-rich chemicals
Akbarzadeh 2005,цитирует,10.1016/b978-0-323-99118-6.00017-4,2022,5,Elsevier eBooks,Principles of Flow Assurance Solids Formation Mechanisms
Akbarzadeh 2005,цитирует,10.1021/acs.energyfuels.2c02033,2022,5,Energy & Fuels,A Global Optimization Approach for Parameter Estimation of Cubic Plus Association Equations of State in Asphaltene Modeling: Studying the Te
Akbarzadeh 2005,цитирует,10.1002/mrc.5301,2022,5,Magnetic Resonance in Chemistry,Time domain NMR: An alternative for study of the asphaltenes precipitated in petroleum
Akbarzadeh 2005,цитирует,10.2139/ssrn.4145264,2022,4,SSRN Electronic Journal,Asphaltene Precipitation Under Controlled Mixing Conditions in a Microchamber
Akbarzadeh 2005,цитирует,10.1016/j.cherd.2023.09.038,2023,3,Process Safety and Environmental Protect,Glutaric acid purification by coupled solution crystallization and melt crystallization
Akbarzadeh 2005,цитирует,10.1002/9781119871507.ch11,2023,3,,Novel Technologies for Upgrading Heavy and Extra‐Heavy Oil
Akbarzadeh 2005,цитирует,10.3390/cryst14110987,2024,2,Crystals,Supported and Free-Standing Non-Noble Metal Nanoparticles and Their Catalytic Activity in Hydroconversion of Asphaltenes into Light Hydrocar
Akbarzadeh 2005,цитирует,10.1016/j.fluid.2024.114062,2024,2,Fluid Phase Equilibria,Phase equilibria calculations of a hydrocarbon system consisting water and asphaltene using association equation of state: A generalized aut
Akbarzadeh 2005,цитирует,10.1039/d3cp02953k,2023,2,Physical Chemistry Chemical Physics,Size matters: asphaltenes with enlarged aromatic cores promote heat transfer in organic phase-change materials
Akbarzadeh 2005,цитирует,10.1021/acs.iecr.1c04336,2022,2,Industrial & Engineering Chemistry Resea,Modeling of the Deasphalting Process by a Residue–Solvent Equilibrium Calculation Using Continuous Thermodynamics
Akbarzadeh 2005,цитирует,10.1515/ijcre-2021-0173,2021,2,International Journal of Chemical Reacto,Hydro-liquefaction of asphaltene catalyzed by molybdenum-nickel bimetallic catalysts in slurry bed
Akbarzadeh 2005,цитирует,10.1515/cppm-2020-0090,2021,2,Chemical Product and Process Modeling,Asphaltene precipitation from heavy oil mixed with binary and ternary solvent blends
Akbarzadeh 2005,цитирует,10.70675/8436fe9cz43b3z413dzba4cza3740beee372,2021,1,,Etude de l'effet de l'addition de gaz sur l'équilibre de phases en mélanges pétroliers dans des conditions de haute pression et haute tempér
Akbarzadeh 2005,цитирует,10.1080/10916466.2026.2687729,2026,0,Petroleum Science and Technology,"Pore-structure evolution and microscopic residual-oil distribution following polymer flooding in the Daqing reservoirs, Songliao Basin"
Akbarzadeh 2005,цитирует,10.1016/j.ijtst.2025.10.013,2026,0,International Journal of Transportation ,Molecular investigation of SARA-based micro–macro correlations in asphalt binder
Akbarzadeh 2005,цитирует,10.21203/rs.3.rs-8813846/v1,2026,0,Research Square,"Geochemical controls on colloidal stability and polar compounds deposition in Cretaceous –Tertiary carbonate reservoirs using core extracts,"
Akbarzadeh 2005,цитирует,10.1080/14680629.2025.2601104,2025,0,Road Materials and Pavement Design,Simplifying diffusion-reaction modelling of spurt oxidation in bitumen by using a surrogate phase accounting for the collective effect of ar
Akbarzadeh 2005,цитирует,10.1007/978-3-031-24231-1_5,2023,0,Springer eBooks,Machine Learning in Asphaltenes Mitigation
Akbarzadeh 2005,цитирует,10.48072/2525-7579.rog.2022.448,2022,0,Technical Papers ... Rio Oil & Gas,Evaluation of precipitation of crude oil polar fractions induced by propane under different pressure conditions
Solaimany-Nazar 2011,ссылается,10.1016/0016-2361(73)90040-9,1973,469,Fuel,The solubility of asphaltenes in hydrocarbon solvents
Solaimany-Nazar 2011,ссылается,10.1021/ja01376a009,1929,437,Journal of the American Chemical Society,SOLUBILITY. XII. REGULAR SOLUTIONS 1
Solaimany-Nazar 2011,ссылается,10.2118/24987-pa,1995,346,SPE Production & Facilities,"Screening of Crude Oils for Asphalt Precipitation: Theory, Practice, and the Selection of Inhibitors"
Solaimany-Nazar 2011,ссылается,10.2118/13118-pa,1988,292,SPE Reservoir Engineering,Three-Parameter Modification of the Peng-Robinson Equation of State To Improve Volumetric Predictions
Solaimany-Nazar 2011,ссылается,10.2118/92-04-01,1992,141,Journal of Canadian Petroleum Technology,Measurement And Correlation Of Asphaltene Precipitation From Heavy Oils By Gas Injection
Solaimany-Nazar 2011,ссылается,10.2118/92-01-02,1992,113,Journal of Canadian Petroleum Technology,Experimental And Theoretical Studies Of Solids Precipitation From Reservoir Fluid
Solaimany-Nazar 2011,ссылается,10.1080/08843759608947560,1996,96,Fuel Science and Technology Internationa,The Asphaltene and Wax Deposition Envelopes
Solaimany-Nazar 2011,ссылается,10.1016/s0920-4105(96)00061-7,1997,70,Journal of Petroleum Science and Enginee,Practical model for chemically induced formation damage
Solaimany-Nazar 2011,ссылается,10.2118/48996-ms,1998,67,SPE Annual Technical Conference and Exhi,Compositional Simulation of Asphaltene Deposition and Plugging
Solaimany-Nazar 2011,ссылается,10.2516/ogst:1998027,1998,65,Revue de l Institut Français du Pétrole,Permeability Damage Due to Asphaltene Deposition : Experimental and Modeling Aspects
Solaimany-Nazar 2011,ссылается,10.1016/0920-4105(89)90033-8,1989,65,Journal of Petroleum Science and Enginee,Alteration of permeability by fine particle processes
Solaimany-Nazar 2011,ссылается,10.2118/16956-ms,1987,65,SPE Annual Technical Conference and Exhi,Pore Level Visual Investigation of Oil Recovery by Solution Gas Drive and Gas Injection
Solaimany-Nazar 2011,ссылается,10.1016/j.fluid.2006.06.019,2006,63,Fluid Phase Equilibria,Application of association theory to the prediction of asphaltene deposition: Deposition due to natural depletion and miscible gas injection
Solaimany-Nazar 2011,ссылается,10.1016/s0920-4105(99)00012-1,1999,49,Journal of Petroleum Science and Enginee,"Flow loop apparatus to study the effect of solvent, temperature and additives on asphaltene precipitation"
Solaimany-Nazar 2011,ссылается,10.2118/17941-ms,1989,46,Middle East Oil Show,A Reservoir/Wellbore Model for Multiphase Injection and Pressure Transient Analysis
Solaimany-Nazar 2011,ссылается,10.2118/38856-ms,1997,43,SPE Annual Technical Conference and Exhi,The Effect of Asphaltene Precipitation on Carbonate Rock Permeability: An Experimental and Numerical Approach
Solaimany-Nazar 2011,ссылается,10.1021/ef049707n,2005,33,Energy & Fuels,Hysteresis in Asphaltene Precipitation and Redissolution
Solaimany-Nazar 2011,ссылается,10.1081/lft-120038727,2004,24,Petroleum Science and Technology,Investigation of Asphaltene Precipitation Process for Kuwaiti Reservoir
Solaimany-Nazar 2011,ссылается,10.2118/38967-ms,1997,18,SPE Latin American and Caribbean Petrole,Reversibility and Inhibition of Asphaltene Precipitation in Brazilian Crude Oils
Solaimany-Nazar 2011,ссылается,10.2523/48996-ms,1998,15,SPE Annual Technical Conference and Exhi,Compositional Simulation of Asphaltene Deposition and Plugging
Solaimany-Nazar 2011,цитирует,10.1016/j.colsurfa.2022.128654,2022,69,Colloids and Surfaces A Physicochemical ,High-efficiency emulsification anionic surfactant for enhancing heavy oil recovery
Solaimany-Nazar 2011,цитирует,10.1016/j.jpse.2021.08.006,2021,32,Journal of Pipeline Science and Engineer,"An insight into asphaltene precipitation, deposition and management stratagems in petroleum industry"
Solaimany-Nazar 2011,цитирует,10.2118/206738-pa,2021,13,SPE Journal,Effect of Flue Gas on Steam Chamber Expansion in Steamflooding
Solaimany-Nazar 2011,цитирует,10.1039/d2ra00552b,2022,10,RSC Advances,The effect of hydrophobic chains on retarding performance of retarding acids
Solaimany-Nazar 2011,цитирует,10.1007/s10553-023-01515-7,2023,3,Chemistry and Technology of Fuels and Oi,Research on Dynamic Prediction Model of Wax Deposition in Wellbore
Solaimany-Nazar 2011,цитирует,10.2523/iptc-22974-ms,2023,3,International Petroleum Technology Confe,Reservoir Simulation Assessment for the Effect of Asphaltene Deposition on Waterflooding in B Oilfield
Solaimany-Nazar 2011,цитирует,10.1021/acs.energyfuels.5c06397,2026,1,Energy & Fuels,"Role of Nanoparticles in Asphaltene Mitigation and Enhanced Oil Upgrading and Recovery: Mechanisms, Applications and Future Perspectives"
Fallahnejad 2015,ссылается,10.1063/1.1723621,1942,4417,The Journal of Chemical Physics,Thermodynamics of High Polymer Solutions
Fallahnejad 2015,ссылается,10.2118/36106-pa,1997,150,SPE Journal,Modeling Asphaltene Precipitation During Primary Depletion
Fallahnejad 2015,ссылается,10.2118/36741-pa,1998,117,SPE Production & Facilities,Thermodynamic Micellization Model for Asphaltene Aggregation and Precipitation in Petroleum Fluids
Fallahnejad 2015,ссылается,10.1016/j.fluid.2013.06.005,2013,114,Fluid Phase Equilibria,Asphaltene precipitation due to natural depletion of reservoir: Determination using a SARA fraction based intelligent model
Fallahnejad 2015,ссылается,10.2118/59432-ms,2000,60,SPE Asia Pacific Conference on Integrate,Asphaltene Precipitation: Phase Behaviour Modelling and Compositional Simulation
Fallahnejad 2015,ссылается,10.2118/24851-ms,1992,55,SPE Annual Technical Conference and Exhi,Thermodynamic Modeling for Organic Solid Precipitation
Fallahnejad 2015,ссылается,10.1021/ie202737p,2012,49,Industrial & Engineering Chemistry Resea,Monodisperse Thermodynamic Model Based on Chemical + Flory–Hüggins Polymer Solution Theories for Predicting Asphaltene Precipitation
Fallahnejad 2015,ссылается,10.1016/0920-4105(89)90063-6,1989,47,Journal of Petroleum Science and Enginee,Pore-level visual investigation of miscible and immiscible displacements
Fallahnejad 2015,ссылается,10.2118/159554-ms,2012,30,SPE Annual Technical Conference and Exhi,Modeling of Wettability Alteration Due to Asphaltene Deposition in Oil Reservoirs
Fallahnejad 2015,ссылается,10.2118/120203-stu,2008,23,SPE Annual Technical Conference and Exhi,"Development of a Fully Implicit, Parallel, EOS Compositional Simulator to Model Asphaltene Precipitation in Petroleum Reservoirs"
Fallahnejad 2015,ссылается,10.2118/141329-ms,2011,21,SPE International Symposium on Oilfield ,Study of CO2 Effect on Asphaltene Precipitation and Compositional Simulation of Asphaltenic Oil Reservoir
Fallahnejad 2015,ссылается,10.2118/174067-ms,2015,19,SPE Western Regional Meeting,Modeling Asphaltene Deposition in the Wellbore During Gas Lift Process
Fallahnejad 2015,цитирует,10.1016/j.fuel.2021.122194,2021,58,Fuel,Laboratory evaluation experimental techniques of asphaltene precipitation and deposition controlling chemical additives
Fallahnejad 2015,цитирует,10.1021/acsomega.1c03759,2021,0,ACS Omega,Development of a Computational Fluid Dynamics Compositional Wellbore Simulator for Modeling of Asphaltene Deposition
Kargarpour 2016,ссылается,10.1201/9781420008388,2006,1051,CRC Press eBooks,The Chemistry and Technology of Petroleum
Kargarpour 2016,ссылается,10.2118/2198-pa,1969,719,Journal of Petroleum Technology,Analysis and Prediction of Minimum Flow Rate for the Continuous Removal of Liquids from Gas Wells
Kargarpour 2016,ссылается,10.2118/16242-pa,1987,222,Journal of Petroleum Technology,Multiphase Flow in Wells
Kargarpour 2016,ссылается,10.1016/c2017-0-04099-5,2019,173,Elsevier eBooks,Gas Well Deliquification
Kargarpour 2016,ссылается,10.2118/994-pa,1965,169,Journal of Petroleum Technology,"A Practical Solution to the Problem of Asphaltene Deposits-Hassi Messaoud Field, Algeria"
Kargarpour 2016,ссылается,10.1016/s0920-4105(01)00163-2,2001,167,Journal of Petroleum Science and Enginee,Asphaltene flocculation and collapse from petroleum fluids
Kargarpour 2016,ссылается,10.1002/cjce.20507,2011,152,The Canadian Journal of Chemical Enginee,Modelling asphaltene deposition in turbulent pipeline flows
Kargarpour 2016,ссылается,10.1016/b978-0-7506-8280-0.x5001-x,2008,109,Elsevier eBooks,Gas Well Deliquification
Kargarpour 2016,ссылается,10.1016/s0376-7361(08)x7009-8,1975,52,Developments in petroleum science,Production and Transport of Oil and Gas
Kargarpour 2016,ссылается,10.5772/35875,2012,49,InTech eBooks,Petroleum Asphaltenes
Kargarpour 2016,ссылается,10.1002/aic.12800,2011,45,AIChE Journal,Modeling of asphaltene deposition in a production tubing
Kargarpour 2016,ссылается,10.2118/84609-pa,2005,37,SPE Production & Facilities,A Simplified Method to Predict and Prevent Asphaltene Deposition in Oilwell Tubings: Field Case
Kargarpour 2016,ссылается,10.1130/2009.monitoring(01),2009,28,Geological Society of America eBooks,Aeolian features and processes
Kargarpour 2016,ссылается,10.1016/j.jaerosci.2006.09.006,2006,28,Journal of Aerosol Science,Lift and drag forces on a sphere attached to a wall in a Blasius boundary layer
Kargarpour 2016,ссылается,10.1016/j.petrol.2014.06.008,2014,24,Journal of Petroleum Science and Enginee,Characterization of asphaltene deposition in a stainless steel tube
Kargarpour 2016,ссылается,10.2118/13801-pa,1987,23,SPE Production Engineering,Casing Heading in Flowing Oil Wells
Kargarpour 2016,ссылается,10.22078/jpst.2013.302,2013,21,DOAJ (DOAJ: Directory of Open Access Jou,MODELING OF ASPHALTENE DEPOSITION IN PIPELINES
Kargarpour 2016,ссылается,10.1016/j.jcis.2004.06.058,2004,19,Journal of Colloid and Interface Science,Prediction of solid–fluid interfacial tension and contact angle
Kargarpour 2016,ссылается,10.2118/101102-ms,2006,16,SPE Asia Pacific Oil & Gas Conference an,A Case Study of a Successful Chemical Treatment to Mitigate Asphaltene Precipitation and Deposition in Light Crude Oil Field
Kargarpour 2016,ссылается,10.2118/153512-ms,2012,2,SPE Europec/EAGE Annual Conference,Asphaltene Deposition Study and its Effects on Permeability Reduction - A Case Study
Kargarpour 2016,ссылается,10.3997/2214-4609-pdb.293.f047,2012,1,74th EAGE Conference and Exhibition inco,Asphaltene Deposition Study and its Effects on Permeability Reduction - A Case Study (SPE 153512)
Kargarpour 2016,цитирует,10.1016/j.colsurfa.2021.126933,2021,5,Colloids and Surfaces A Physicochemical ,Irreversible ammonia adsorption on asphaltite bottom ash: A thermodynamic approach
Kargarpour 2016,цитирует,10.1038/s41598-025-06062-1,2025,2,Scientific Reports,Experimental assessment of chemical solvents for asphaltic sludge removal to mitigate formation damage in oil reservoirs
Kor 2017,ссылается,10.1007/0-387-68903-6,2007,1022,Springer eBooks,"Asphaltenes, Heavy Oils, and Petroleomics"
Kor 2017,ссылается,10.1021/ie50571a039,1957,634,Industrial & Engineering Chemistry,Deposition of Suspended Particles from Turbulent Gas Streams
Kor 2017,ссылается,10.1007/978-3-642-91486-7_2,1935,282,Springer eBooks,The Mechanics of Viscous Fluids
Kor 2017,ссылается,10.1016/0009-2509(75)80065-0,1975,275,Chemical Engineering Science,A sub layer model for the deposition of particles from a turbulent flow
Kor 2017,ссылается,10.1002/aic.690420104,1996,251,AIChE Journal,Asphalt flocculation and deposition: I. The onset of precipitation
Kor 2017,ссылается,10.13182/nse70-a18874,1970,236,Nuclear Science and Engineering,Deposition of Particles in Turbulent Flow on Channel or Pipe Walls
Kor 2017,ссылается,10.1021/ie50519a048,1953,236,Industrial & Engineering Chemistry,Mass Transfer between Solid Wall and Fluid Streams. Mechanism and Eddy Distribution Relationships in Turbulent Flow.
Kor 2017,ссылается,10.1140/epjp/i2016-16001-3,2016,179,The European Physical Journal Plus,Temporal behavior of an atom-cavity system in two distinct regimes
Kor 2017,ссылается,10.1021/ef900951n,2010,151,Energy & Fuels,On the Development of an Asphaltene Deposition Simulator
Kor 2017,ссылается,10.1016/j.ijheatmasstransfer.2009.01.049,2009,127,International Journal of Heat and Mass T,Measurement and prediction of the rate of deposition of flocculated asphaltene particles from oil
Kor 2017,ссылается,10.2118/02-07-04,2002,118,Journal of Canadian Petroleum Technology,Laboratory Techniques to Measure Thermodynamic Asphaltene Instability
Kor 2017,ссылается,10.1016/s0894-1777(96)00135-5,1997,92,Experimental Thermal and Fluid Science,Elements of particle deposition onto nonporous solid surfaces parallel to suspension flows
Kor 2017,ссылается,10.1615/ihtc4.2780,1970,81,International Heat Transfer Conference (,PARTICULATE FOULlNG OF SENSIBLE HEAT EXCHANGERS
Kor 2017,ссылается,10.1021/ef301956x,2013,69,Energy & Fuels,Joint Industrial Case Study for Asphaltene Deposition
Kor 2017,ссылается,10.1016/j.fuel.2014.02.003,2014,66,Fuel,"Asphaltene precipitation, flocculation and deposition during solvent injection at elevated temperatures for heavy oil recovery"
Kor 2017,ссылается,10.1016/j.petrol.2012.02.005,2012,62,Journal of Petroleum Science and Enginee,Evaluation and comparison of different models for asphaltene particle deposition in flow streams
Kor 2017,ссылается,10.1021/ef2009474,2011,59,Energy & Fuels,Asphaltene Deposition Measurement and Modeling for Flow Assurance of Tubings and Flow Lines
Kor 2017,ссылается,10.2118/84877-ms,2003,59,SPE International Improved Oil Recovery ,Can We Ignore Asphaltene in a Gas Injection Project for Light-Oils?
Kor 2017,ссылается,10.11575/prism/21686,1986,59,Libraries and Cultural Resources (Univer,A Model for asphaltene flocculation using an equation of state
Kor 2017,ссылается,10.1021/acs.energyfuels.5b02944,2016,54,Energy & Fuels,New Three-Phase Multicomponent Compositional Model for Asphaltene Precipitation during CO2 Injection Using CPA-EOS
Kor 2017,ссылается,10.1021/ef401074e,2013,45,Energy & Fuels,Precipitated Asphaltene Amount at High-Pressure and High-Temperature Conditions
Kor 2017,ссылается,10.2118/80285-pa,2002,45,SPE Production & Facilities,Asphaltene Characterization and Mitigation in South Kuwait's Marrat Reservoir
Kor 2017,ссылается,10.2118/30672-ms,1995,44,SPE Annual Technical Conference and Exhi,Asphaltene and Other Heavy-Organic Particle Deposition During Transfer and Production Operations
Kor 2017,ссылается,10.1016/j.fluid.2013.08.027,2013,34,Fluid Phase Equilibria,A modified scaling equation based on properties of bottom hole live oil for asphaltene precipitation estimation under pressure depletion and
Kor 2017,ссылается,10.2118/180422-ms,2016,31,SPE Western Regional Meeting,Determination of the Stability of Asphaltenes Through Physicochemical Characterization of Asphaltenes
Kor 2017,ссылается,10.1016/j.petrol.2015.02.010,2015,28,Journal of Petroleum Science and Enginee,Study of asphaltene deposition in wellbores during turbulent flow
Kor 2017,ссылается,10.2118/170697-ms,2014,21,SPE Annual Technical Conference and Exhi,Simulation of Asphaltene Precipitation during Gas Injection Using PC-SAFT EOS
Kor 2017,ссылается,10.1016/j.fluid.2014.02.021,2014,16,Fluid Phase Equilibria,PC-SAFT modeling of asphaltene phase behavior in the presence of nonionic dispersants
Kor 2017,ссылается,10.4043/26881-ms,2016,15,Offshore Technology Conference,Data-Driven Comparison Between Solid Model and PC-SAFT for Modeling Asphaltene Precipitation
Kor 2017,ссылается,10.1016/j.fluid.2011.06.025,2011,15,Fluid Phase Equilibria,An improvement of thermodynamic micellization model for prediction of asphaltene precipitation during gas injection in heavy crude
Kor 2017,ссылается,10.2118/71558-ms,2001,14,SPE Annual Technical Conference and Exhi,An Approach to Mitigating Wellbore Solids Deposition
Kor 2017,ссылается,10.1081/lft-120038720,2004,12,Petroleum Science and Technology,A Pipe-Loop Apparatus to Investigate Asphaltene Deposition
Kor 2017,ссылается,10.1140/epjp/i2016-16150-3,2016,7,The European Physical Journal Plus,The effect of asphaltene particle size and distribution on the temporal advancement of the asphaltene deposition profile in the well column
Kor 2017,цитирует,10.3390/ma15030905,2022,58,Materials,The Structure of Bitumen: Conceptual Models and Experimental Evidences
Kor 2017,цитирует,10.3390/pr13010141,2025,26,Processes,Mitigation of Asphaltene Deposit Formation via Chemical Additives: A Review
Kor 2017,цитирует,10.1016/j.asej.2023.102289,2023,24,Ain Shams Engineering Journal,Risk quantification and ranking of oil fields and wells facing asphaltene deposition problem using fuzzy TOPSIS coupled with AHP
Kor 2017,цитирует,10.1016/j.petrol.2021.108486,2021,18,Journal of Petroleum Science and Enginee,An integrated approach for predicting asphaltenes precipitation and deposition along wellbores
Kor 2017,цитирует,10.1016/j.petrol.2022.110204,2022,16,Journal of Petroleum Science and Enginee,Multi-alkylated aromatic amides amphiphiles effectively stabilize the associated asphaltene particles in crude oil
Kor 2017,цитирует,10.1021/acsomega.5c05087,2025,6,ACS Omega,Hydrothermal Synthesis of γ-Al2O3 Nanofluids for Enhanced Oil Recovery: Characterization and Coreflooding Evaluation
Kor 2017,цитирует,10.1016/j.geoen.2023.212616,2023,5,Geoenergy Science and Engineering,"Comprehensive approach for assessing, managing, and Monitoring Asphaltene Deposition and inhibitor utilization in oil wells"
Kor 2017,цитирует,10.2118/213012-ms,2023,2,SPE Western Regional Meeting,An Answer to Ever-Challenging Question of Selecting the Right Test Method (Dispersion or Deposition) for Asphaltene Stability Determination
Kor 2017,цитирует,10.2118/213829-ms,2023,1,SPE International Conference on Oilfield,Clues from Dispersion and Deposition Based Test Methodologies to Solve the Asphaltene Jig-Saw Puzzle
Kor 2017,цитирует,10.2118/232223-ms,2026,0,,Asphaltene-Induced Permeability Reduction in Micro- And Nanopores and Its Mitigation Using Hydrocarbon-Based Chemicals
Kor 2017,цитирует,10.1016/b978-0-323-96109-7.00014-6,2025,0,Elsevier eBooks,Asphaltene
Kor 2017,цитирует,10.2118/223951-pa,2024,0,SPE Journal,A New Method to Simulate and Evaluate Asphaltene Plugging Risk in Oil Wells
Kor 2017,цитирует,10.1063/5.0091806,2022,0,AIP conference proceedings,"Predicting future deposition profiles of asphaltene, wax and scales from heavy oil reservoir in Northern Iraqi oil field"
Kord 2014,ссылается,10.1021/ef2012744,2011,232,Energy & Fuels,Asphaltene Deposition during CO 2 Injection and Pressure Depletion: A Visual Study
Kord 2014,ссылается,10.2118/39463-ms,1998,86,,Physics and Modeling of Permeability Damage Induced by Particle Deposition
Kord 2014,ссылается,10.1016/s0378-3812(00)00348-4,2000,76,Fluid Phase Equilibria,A study on the application of scaling equation for asphaltene precipitation
Kord 2014,ссылается,10.1016/j.fluid.2012.05.028,2012,69,Fluid Phase Equilibria,Asphaltene precipitation in live crude oil during natural depletion: Experimental investigation and modeling
Kord 2014,ссылается,10.1021/i160042a017,1972,67,Industrial & Engineering Chemistry Funda,Adsorption from Liquid Mixtures on Solids: Thermodynamics of Excess Properties and Their Temperature Coefficients
Kord 2014,ссылается,10.1021/ef9801571,1998,58,Energy & Fuels,Asphalt Flocculation and Deposition. V. Phase Behavior in Miscible and Immiscible Injections
Kord 2014,ссылается,10.1016/s0920-4105(00)00017-6,2000,36,Journal of Petroleum Science and Enginee,A wellbore model for field-scale modeling of asphaltene plugging
Kord 2014,ссылается,10.1016/j.petrol.2003.12.009,2004,32,Journal of Petroleum Science and Enginee,The effect of fracture characteristics on reduction of permeability by asphaltene precipitation in carbonate formation
Kord 2014,ссылается,10.2118/81572-ms,2003,21,Middle East Oil Show,Characterization of Asphaltene Precipitation Effect on Reducing Carbonate Rock Permeability
Kord 2014,ссылается,10.2118/138497-ms,2010,9,Abu Dhabi International Petroleum Exhibi,Modelling Asphaltene-Induced Formation Damage in Closed Systems
Kord 2014,цитирует,10.1016/j.petrol.2021.108868,2021,36,Journal of Petroleum Science and Enginee,A review of fines migration around Steam Assisted Gravity Drainage wellbores
Kord 2014,цитирует,10.1016/j.petrol.2021.108741,2021,33,Journal of Petroleum Science and Enginee,Oil production performance and reservoir damage distribution of miscible CO2 soaking-alternating-gas (CO2-SAG) flooding in low permeability 
Kord 2014,цитирует,10.1016/j.molliq.2021.118128,2021,31,Journal of Molecular Liquids,Wettability alteration by surface adsorption of asphaltene molecular in carbonate porous media
Kord 2014,цитирует,10.1016/j.fuel.2021.122998,2021,24,Fuel,Applications of the quartz crystal microbalance in energy and environmental sciences: From flow assurance to nanotechnology
Kord 2014,цитирует,10.1016/j.petrol.2022.110241,2022,18,Journal of Petroleum Science and Enginee,"Oil production enhancement, asphaltene precipitation and permeability damage during CO2-SAG flooding of multi-layer sandstone reservoirs"
Kord 2014,цитирует,10.1038/s41598-021-95657-5,2021,18,Scientific Reports,Experimental study and modelling of asphaltene deposition on metal surfaces with superhydrophobic and low sliding angle inner coatings
Kord 2014,цитирует,10.1016/j.fuel.2025.134626,2025,16,Fuel,Mechanism of enhanced oil recovery via carbon dioxide flooding in kerogen nanopores: A molecular dynamics approach
Kord 2014,цитирует,10.1016/j.ejpe.2022.07.004,2022,12,Egyptian Journal of Petroleum,Tetraalkylammonium and phosphonium salt for asphaltene dispersion; experimental studies on interaction mechanisms
Kord 2014,цитирует,10.1021/acsomega.3c03149,2023,9,ACS Omega,Comparative Static and Dynamic Analyses of Solvents for Removal of Asphaltene and Wax Deposits above- and below-Surface at an Iranian Carbon
Kord 2014,цитирует,10.1039/d5lc00696a,2025,8,Lab on a Chip,Pore-scale mechanisms of salt precipitation in heterogeneous media under geological carbon storage conditions
Kord 2014,цитирует,10.1016/j.geoen.2024.213050,2024,8,Geoenergy Science and Engineering,Review on mechanisms of petrophysical properties variation during thermal fluids injection into heavy oil reservoirs
Kord 2014,цитирует,10.1016/b978-0-12-821933-1.00009-4,2023,8,Elsevier eBooks,Steam-assisted gravity drainage
Kord 2014,цитирует,10.3390/en18040871,2025,7,Energies,Formation Damage in SAGD: A Review of Experimental Modelling Techniques
Kord 2014,цитирует,10.1016/j.molliq.2022.120552,2022,7,Journal of Molecular Liquids,Quantum mechanics and molecular dynamics strategies to investigate self-aggregation of Quinolin-65
Kord 2014,цитирует,10.1007/s42860-022-00178-5,2022,7,Clays and Clay Minerals,Adsorption Behavior of Asphaltene on Clay Minerals and Quartz in a Heavy Oil Sandstone Reservoir with Thermal Damage
Kord 2014,цитирует,10.1016/j.petrol.2022.110134,2022,7,Journal of Petroleum Science and Enginee,Effect of pH and surfactants on shear induced asphaltene removal
Kord 2014,цитирует,10.1007/s00707-023-03559-6,2023,6,Acta Mechanica,Cleaning porous media by an external vertical flow
Kord 2014,цитирует,10.3390/pr13072320,2025,4,Processes,"Mechanism Analysis and Evaluation of Formation Physical Property Damage in CO2 Flooding in Tight Sandstone Reservoirs of Ordos Basin, China"
Kord 2014,цитирует,10.1016/b978-0-323-99118-6.00018-6,2022,4,Elsevier eBooks,Flow Assurance Solids Prediction and Modeling
Kord 2014,цитирует,10.1021/acs.energyfuels.1c02550,2021,4,Energy & Fuels,Suppression of Asphaltene Adsorption and Deposition in Porous Media
Kord 2014,цитирует,10.1021/acs.energyfuels.5c00840,2025,3,Energy & Fuels,"A Mini-Review on Asphaltene Deposition Experiments, Numerical Simulations, and Mathematical Models in Shale Oil under CO2"
Kord 2014,цитирует,10.1007/s12217-023-10089-2,2024,3,Microgravity Science and Technology,Stability of One-Dimensional Vertical Flow Through a Porous Domain Under Pumping of a Finite Volume of Impurity
Kord 2014,цитирует,10.1016/b978-0-323-99118-6.00020-4,2022,3,Elsevier eBooks,Asphaltene Deposition
Kord 2014,цитирует,10.1007/s12217-024-10158-0,2025,2,Microgravity Science and Technology,Effect of Bulk Flow Pulsation on the Filtering Process for Porous Columns with Different Permeability
Kord 2014,цитирует,10.1615/jpormedia.2025055625,2025,2,Journal of Porous Media,STRONG CLOGGING EFFECT ON SOLUTAL CONVECTION OF A NET MASS FLOW THROUGH A HORIZONTAL POROUS LAYER WITH IMPURITY IMMOBILIZATION
Kord 2014,цитирует,10.2118/213163-ms,2023,2,SPE Latin American and Caribbean Petrole,"A Comprehensive Approach to Organic Precipitation Damage by CPA EoS from Monte Carlo, and Machine Learning Methods"
Kord 2014,цитирует,10.1016/j.fuel.2024.133924,2024,1,Fuel,An analytical investigation on the contributions of thermal diffusion and asphaltene to fluid distribution in hydrocarbon reservoirs
Kord 2014,цитирует,10.1134/s0965544123110075,2024,1,Petroleum Chemistry,Functionalized Ionic Liquids as Asphaltene Dispersants: A Comparison between Aliphatic and Aromatic Cations
Kord 2014,цитирует,10.4043/31955-ms,2022,1,Offshore Technology Conference,Inferring the Effect of Chemical Injections for Asphaltene Producing Deepwater Wells Using Machine Learning
Kord 2014,цитирует,10.2118/234668-pa,2026,0,SPE Journal,Investigation on the Mechanism of Enhanced Oil Recovery and Reduced Reservoir Damage by Dimethyl Ether-Assisted CO2 Flooding on Tight Cores 
Kord 2014,цитирует,10.1016/j.fuel.2026.140668,2026,0,Fuel,"Prediction, mechanisms, and management of asphaltene deposition associated with CO2‑EOR: a review"
Kord 2014,цитирует,10.1021/acs.energyfuels.6c00098,2026,0,Energy & Fuels,Gravity Drainage of Heavy Oil into a Flowing n -Alkane Layer in Porous Media
Papadimitriou 2007,ссылается,10.1021/ac60179a039,1961,648,Analytical Chemistry,Investigation of the Structure of Petroleum Asphaltenes by X-Ray Diffraction
Papadimitriou 2007,ссылается,10.1021/ac50157a057,1967,597,Analytical Chemistry,Macrostructures of the asphaltic fractions by various instrumental methods
Papadimitriou 2007,ссылается,10.1016/s0920-4105(96)00059-9,1997,330,Journal of Petroleum Science and Enginee,Modeling of asphaltene and other heavy organic depositions
Papadimitriou 2007,ссылается,10.1016/s0920-4105(00)00020-6,2000,160,Journal of Petroleum Science and Enginee,Identification and measurement of petroleum precipitates
Papadimitriou 2007,ссылается,10.1016/s0378-3812(01)00702-6,2002,130,Fluid Phase Equilibria,"Retardation of asphaltene precipitation by addition of toluene, resins, deasphalted oil and surfactants"
Papadimitriou 2007,ссылается,10.1016/s0920-4105(03)00151-7,2003,78,Journal of Petroleum Science and Enginee,Measurement and corresponding states modeling of asphaltene precipitation in Jilin reservoir oils
Papadimitriou 2007,ссылается,10.1016/0009-2509(89)85076-6,1989,57,Chemical Engineering Science,Asphaltene reaction pathways—v. Chemical and mathematical modeling
Papadimitriou 2007,ссылается,10.2118/64465-ms,2000,50,SPE Asia Pacific Oil and Gas Conference ,Modelling Phase Behaviour Including the Effect of Pressure and Temperature on Asphaltene Precipitation
Papadimitriou 2007,ссылается,10.1016/s0016-2361(01)00044-8,2001,48,Fuel,"Solids contents, properties and molecular structures of asphaltenes from different oilsands"
Papadimitriou 2007,цитирует,10.1016/j.fuel.2022.127000,2022,48,Fuel,The influence of CO2 huff and puff in tight oil reservoirs on pore structure characteristics and oil production from the microscopic scale
Papadimitriou 2007,цитирует,10.1021/acs.energyfuels.2c02749,2022,39,Energy & Fuels,Status and Outlook of Oil Field Chemistry-Assisted Analysis during the Energy Transition Period
Papadimitriou 2007,цитирует,10.1021/acs.energyfuels.1c00678,2021,39,Energy & Fuels,Molecular Dynamics Simulation Reveals Unique Rheological and Viscosity–Temperature Properties of Karamay Heavy Crude Oil
Papadimitriou 2007,цитирует,10.3390/en17051201,2024,34,Energies,Carbon Capture and Storage in Depleted Oil and Gas Reservoirs: The Viewpoint of Wellbore Injectivity
Papadimitriou 2007,цитирует,10.1016/j.fuel.2023.128835,2023,23,Fuel,Effect of clay minerals on asphaltene deposition in reservoir rock: Insights from experimental investigations
Papadimitriou 2007,цитирует,10.1021/acs.energyfuels.2c03315,2022,10,Energy & Fuels,Molecular Understanding on Migration and Recovery of Shale Gas/Oil Mixture through a Pore Throat
Papadimitriou 2007,цитирует,10.2118/209433-ms,2022,8,SPE Improved Oil Recovery Conference,Evaluation of Environmentally Friendly Green Solvents for the Recovery of Heavy Oils
Papadimitriou 2007,цитирует,10.1155/2023/6065230,2023,3,Geofluids,"Insights into the Effect of Micropore Structure and Mineralogy on Adsorbed Tight Oil in the Huaqing Area, Ordos Basin, China"
Papadimitriou 2007,цитирует,10.1002/mrc.70053,2025,2,Magnetic Resonance in Chemistry,Quantitative Study on the Blockage Degree of Pores Due to Asphaltene Precipitation During CO 2 Flooding in Tight Reservoirs With NMR
Papadimitriou 2007,цитирует,10.1088/1674-1056/abea8e,2021,1,Chinese Physics B,Design and optimization of a nano-antenna hybrid structure for solar energy harvesting application
Papadimitriou 2007,цитирует,10.2118/234703-pa,2026,0,SPE Journal,Challenges to CO2-Enhanced Oil Recovery and Geological Storage in Porous Media: A Review of Asphaltene-Induced Formation Damage and Interfac
Papadimitriou 2007,цитирует,10.1016/j.jiec.2025.10.032,2025,0,Journal of Industrial and Engineering Ch,Quantitative study on the blockage degree of pores due to asphaltene precipitation during CO2 flooding in tight reservoirs with NMR
Papadimitriou 2007,цитирует,10.1007/978-981-97-0260-2_90,2024,0,Springer series in geomechanics and geoe,The Microscopic Mechanism of Asphaltene Deposition and Prevention of Deposition During Oil Extraction
SciRep 2022,ссылается,10.1016/j.petrol.2017.08.062,2017,162,Journal of Petroleum Science and Enginee,Removal and prevention of asphaltene deposition during oil production: A literature review
SciRep 2022,ссылается,10.1016/j.jcis.2003.10.033,2003,81,Journal of Colloid and Interface Science,Characterization of fractionated asphaltenes by UV–vis and NMR self-diffusion spectroscopy
SciRep 2022,ссылается,10.1016/j.fuel.2005.10.005,2005,58,Fuel,A modified Flory-Huggins model for prediction of asphaltenes precipitation in crude oil
SciRep 2022,ссылается,10.1007/978-3-319-32321-3,2016,52,Structure and bonding,Structure and Modeling of Complex Petroleum Mixtures
SciRep 2022,ссылается,10.1016/j.scient.2011.11.006,2011,50,Scientia Iranica,Experimental investigation and thermodynamic modeling of asphaltene precipitation
SciRep 2022,ссылается,10.1016/j.fuel.2006.05.019,2006,36,Fuel,A simplified thermodynamic modeling procedure for predicting asphaltene precipitation
SciRep 2022,ссылается,10.1016/j.fluid.2020.112557,2020,32,Fluid Phase Equilibria,Evaluation of different thermodynamic models in predicting asphaltene precipitation: A comparative study
SciRep 2022,ссылается,10.1007/978-3-319-40124-9,2016,27,Springer eBooks,New Frontiers in Oil and Gas Exploration
SciRep 2022,ссылается,10.1021/acs.energyfuels.0c00809,2020,22,Energy & Fuels,Modeling of Asphaltene Deposition Kinetics
SciRep 2022,ссылается,10.2118/65018-ms,2001,10,SPE International Symposium on Oilfield ,An Investigation of the Stability of Colloidal Asphaltene in Petroleum Reservoirs
SciRep 2022,ссылается,10.1038/s41598-022-07912-y,2022,9,Scientific Reports,Experimental analyzing the effect of n-heptane concentration and angular frequency on the viscoelastic behavior of crude oil containing asph
SciRep 2022,ссылается,10.1016/j.molliq.2020.113879,2020,7,Journal of Molecular Liquids,Developing a novel colloidal model for predicting asphaltene precipitation from crude oil by alkane dilution
SciRep 2022,ссылается,10.1016/b978-0-12-822089-4.00010-6,2021,1,Elsevier eBooks,Polymers and nanoscience
SciRep 2022,цитирует,10.1038/s41598-025-32916-9,2025,2,Scientific Reports,An innovative technique and laboratory protocol for CO2 storage in water disposal wells and monitoring asphaltene deposition
Subramanian 2015,ссылается,10.1007/bf01017362,1984,1988,Journal of Statistical Physics,Fluids with highly directional attractive forces. I. Statistical thermodynamics
Subramanian 2015,ссылается,10.1021/ie00107a014,1990,1701,Industrial & Engineering Chemistry Resea,"Equation of state for small, large, polydisperse, and associating molecules"
Subramanian 2015,ссылается,10.1007/bf01017363,1984,1642,Journal of Statistical Physics,Fluids with highly directional attractive forces. II. Thermodynamic perturbation theory and integral equations
Subramanian 2015,ссылается,10.1007/bf01127722,1986,1481,Journal of Statistical Physics,Fluids with highly directional attractive forces. IV. Equilibrium polymerization
Subramanian 2015,ссылается,10.1080/00268978800101601,1988,1208,Molecular Physics,Phase equilibria of associating fluids
Subramanian 2015,ссылается,10.1063/1.473101,1997,1049,The Journal of Chemical Physics,Statistical associating fluid theory for chain molecules with attractive potentials of variable range
Subramanian 2015,ссылается,10.1063/1.453326,1987,958,The Journal of Chemical Physics,Thermodynamic perturbation theory of polymerization
Subramanian 2015,ссылается,10.1021/jp992609w,1999,538,The Journal of Physical Chemistry A,Asphaltene Molecular Size and Structure
Subramanian 2015,ссылается,10.1063/1.451002,1986,479,The Journal of Chemical Physics,"Fluids of dimerizing hard spheres, and fluid mixtures of hard spheres and dispheres"
Subramanian 2015,ссылается,10.1021/ie9602320,1996,197,Industrial & Engineering Chemistry Resea,"Phase Equilibria Calculations with a Modified SAFT Equation of State. 1. Pure Alkanes, Alkanols, and Water"
Subramanian 2015,ссылается,10.1016/j.cis.2015.01.002,2015,188,Advances in Colloid and Interface Scienc,Model molecules mimicking asphaltenes
Subramanian 2015,ссылается,10.1021/la702611s,2008,165,Langmuir,Solution Properties of Asphaltenes
Subramanian 2015,ссылается,10.1021/ef9014263,2010,134,Energy & Fuels,Cubic-Plus-Association Equation of State for Asphaltene Precipitation in Live Oils
Subramanian 2015,ссылается,10.1016/s0920-4105(01)00189-9,2002,101,Journal of Petroleum Science and Enginee,Crude oil and asphaltene characterization for prediction of wetting alteration
Subramanian 2015,ссылается,10.1016/0168-3659(96)90007-3,1996,96,Journal of Controlled Release,Fundamentals of polymer science: an introductory text
Subramanian 2015,ссылается,10.1021/ef800666j,2009,95,Energy & Fuels,Development of a General Method for Modeling Asphaltene Stability
Subramanian 2015,ссылается,10.1021/ef0502709,2006,89,Energy & Fuels,Applying the PR-EoS to Asphaltene Precipitation from n -Alkane Diluted Heavy Oils and Bitumens
Subramanian 2015,ссылается,10.1002/aic.690460219,2000,88,AIChE Journal,Thermodynamic micellization model for asphaltene precipitation inhibition
Subramanian 2015,ссылается,10.1007/0-387-68903-6_16,2007,79,Springer eBooks,Solubility of the Least-Soluble Asphaltenes
Subramanian 2015,ссылается,10.1007/0-387-68903-6_2,2007,78,Springer eBooks,Asphaltene Molecular Size and Weight by Time-Resolved Fluorescence Depolarization
Subramanian 2015,ссылается,10.1016/j.fuel.2012.02.016,2012,66,Fuel,Prediction of asphaltene phase behavior in live oil with CPA equation of state
Subramanian 2015,ссылается,10.2118/60842-pa,2000,65,SPE Production & Facilities,Thermodynamic Micellization Model for Asphaltene Precipitation From Reservoir Crudes at High Pressures and Temperatures
Subramanian 2015,ссылается,10.2118/28990-pa,1995,62,Journal of Petroleum Technology,A Unified Approach to Asphaltene Precipitation: Laboratory Measurement and Modeling
Subramanian 2015,ссылается,10.1080/08843759608947572,1996,60,Fuel Science and Technology Internationa,TWO-DIMENSIONAL SOLUBILITY PARAMETER MAPPING OF HEAVY OILS
Subramanian 2015,ссылается,10.1081/lft-120038724,2004,36,Petroleum Science and Technology,A Thermodynamic Model for the Prediction of Asphaltene Precipitation
Subramanian 2015,ссылается,10.1016/j.fluid.2014.06.004,2014,28,Fluid Phase Equilibria,Modeling of asphaltene precipitation from n-alkane diluted heavy oils and bitumens using the PC-SAFT equation of state
Subramanian 2015,ссылается,10.1080/10916469808949785,1998,19,Petroleum Science and Technology,A THERMODYNAMIC MIXED-SOLID ASPHALTENE PRECIPITATION MODEL
Subramanian 2015,ссылается,10.1016/s0378-3812(01)00566-0,2001,17,Fluid Phase Equilibria,Towards a polydisperse molecular thermodynamic model for asphaltene precipitation in live-oil
Subramanian 2015,ссылается,10.2118/2009-090,2009,5,Canadian International Petroleum Confere,Thermodynamic Modelling of Asphaltene Precipitation for Heavy Crude: A Comparative Study of Thermodynamic Micellization Model and Solid Mode
Subramanian 2015,ссылается,10.1063/1.1750930,1941,1933,The Journal of Chemical Physics,Solutions of Long Chain Compounds
Subramanian 2015,ссылается,10.1007/bf01127721,1986,1658,Journal of Statistical Physics,Fluids with highly directional attractive forces. III. Multiple attraction sites
Subramanian 2015,ссылается,10.1080/00268978800100821,1988,1309,Molecular Physics,Phase equilibria of associating fluids
Subramanian 2015,ссылается,10.1021/cr60298a003,1975,1059,Chemical Reviews,Solubility parameters
Subramanian 2015,ссылается,10.1021/ie9600203,1996,1024,Industrial & Engineering Chemistry Resea,An Equation of State for Associating Fluids
Subramanian 2015,ссылается,10.1021/j150398a001,1940,677,The Journal of Physical Chemistry,Asphaltic Bitumen as Colloid System.
Subramanian 2015,ссылается,10.1146/annurev-anchem-061010-113849,2011,582,Annual Review of Analytical Chemistry,The Asphaltenes
Subramanian 2015,ссылается,10.1021/cr60030a010,1931,515,Chemical Reviews,Equilibria in Non-electrolyte Solutions in Relation to the Vapor Pressures and Densities of the Components.
Subramanian 2015,ссылается,10.1016/s0021-9797(03)00641-6,2003,373,Journal of Colloid and Interface Science,Aggregation and solubility behavior of asphaltenes and their subfractions
Subramanian 2015,ссылается,10.1002/aic.690160122,1970,196,AIChE Journal,Correlation and prediction of vapor‐liquid equilibria with the redlich‐kwong equation of state
Subramanian 2015,ссылается,10.1016/j.fuel.2011.09.028,2011,181,Fuel,PC-SAFT characterization of crude oils and modeling of asphaltene phase behavior
Subramanian 2015,ссылается,10.1021/ef980201c,1999,180,Energy & Fuels,Predicting the Onset of Asphaltene Precipitation from Refractive Index Measurements
Subramanian 2015,ссылается,10.1021/ef060453a,2007,158,Energy & Fuels,Modeling of Asphaltene Precipitation Due to Changes in Composition Using the Perturbed Chain Statistical Associating Fluid Theory Equation o
Subramanian 2015,ссылается,10.1021/ie960233s,1996,141,Industrial & Engineering Chemistry Resea,"Phase Equilibria Calculations with a Modified SAFT Equation of State. 2. Binary Mixtures of n-Alkanes, 1-Alkanols, and Water"
Subramanian 2015,ссылается,10.1016/j.fuel.2012.12.058,2013,119,Fuel,Revisiting the PC-SAFT characterization procedure for an improved asphaltene precipitation prediction
Subramanian 2015,ссылается,10.2118/20530-ms,1990,103,SPE Annual Technical Conference and Exhi,Experimental and Modeling Studies of Asphaltene Equilibria for a Reservoir Under CO2 Injection
Subramanian 2015,ссылается,10.1016/j.fluid.2009.12.004,2009,79,Fluid Phase Equilibria,Application of the One-Third rule in hydrocarbon and crude oil systems
Subramanian 2015,ссылается,10.2118/28993-ms,1995,65,SPE International Symposium on Oilfield ,Thermodynamic Modelling for Prediction of Asphaltene Deposition in Live Oils
Subramanian 2015,ссылается,10.1081/lft-120018541,2003,62,Petroleum Science and Technology,Study of Asphaltene Precipitation Using Refractive Index Measurement
Subramanian 2015,ссылается,10.2118/64994-ms,2001,46,SPE International Symposium on Oilfield ,An Experimental Approach to Prediction of Asphaltene Flocculation
Subramanian 2015,ссылается,10.2118/103137-ms,2006,30,SPE Annual Technical Conference and Exhi,Screening for Potential Asphaltene Problems
Subramanian 2015,ссылается,10.1080/10916460903567582,2011,24,Petroleum Science and Technology,Modified Screening Criteria of Potential Asphaltene Precipitation in Oil Reservoirs
Subramanian 2015,ссылается,10.2118/26905-ms,1993,14,SPE Eastern Regional Meeting,Development of Asphaltene Phase Equilibria Predictive Model
Subramanian 2015,ссылается,10.2523/26905-ms,1993,14,SPE Eastern Regional Meeting,Development of Asphaltene Phase Equilibria Predictive Model
Subramanian 2015,ссылается,10.2174/1874396x00802010082,2008,13,The Open Thermodynamics Journal,Estimating Onset of Precipitation of Dissolved Asphaltene in the Solution of Solvent + Precipitant Using Artificial Neural Network Technique
Subramanian 2015,ссылается,10.1007/0-387-68903-6_7,2007,13,Springer eBooks,Micellization
Subramanian 2015,цитирует,10.1016/j.heliyon.2022.e12170,2022,44,Heliyon,"Essential role of structure, architecture, and intermolecular interactions of asphaltene molecules on properties (self-association and surfa"
Subramanian 2015,цитирует,10.1016/j.molliq.2022.119312,2022,39,Journal of Molecular Liquids,Competitive adsorption of asphaltene and n-heptane on quartz surfaces and its effect on crude oil transport through nanopores
Subramanian 2015,цитирует,10.1016/j.petrol.2021.109611,2021,34,Journal of Petroleum Science and Enginee,A comprehensive review on the significant tools of asphaltene investigation. Analysis and characterization techniques and computational meth
Subramanian 2015,цитирует,10.1007/s13202-023-01699-y,2023,31,Journal of Petroleum Exploration and Pro,The impacts of CO2 flooding on crude oil stability and recovery performance
Subramanian 2015,цитирует,10.1016/j.molliq.2024.125272,2024,24,Journal of Molecular Liquids,Evaluating asphaltene dispersion with choline chloride or menthol based deep eutectic solvents: A COSMO-RS analysis
Subramanian 2015,цитирует,10.1016/j.petrol.2021.109329,2021,23,Journal of Petroleum Science and Enginee,"Deasphalting of heavy crude oil by hexamethyldisiloxane: The effect of a solvent/oil ratio on the structure, composition, and properties of "
Subramanian 2015,цитирует,10.1016/j.fuel.2021.120584,2021,22,Fuel,Primary submicron particles from early stage asphaltene precipitation revealed in situ by total internal reflection fluorescence microscopy 
Subramanian 2015,цитирует,10.1016/j.fuel.2022.125042,2022,20,Fuel,Application of scattering and diffraction techniques for the morphological characterization of asphaltenes
Subramanian 2015,цитирует,10.1016/j.colsurfa.2021.126630,2021,16,Colloids and Surfaces A Physicochemical ,Asphaltene behavior at the interface oil-nanofluids: Implications to adsorption
Subramanian 2015,цитирует,10.2118/212311-pa,2022,14,SPE Journal,Molecular Structure: The First and Most Significant Factor in the Precipitation of Asphaltenes
Subramanian 2015,цитирует,10.1021/acs.energyfuels.2c01168,2022,14,Energy & Fuels,Investigating the Influence of n -Heptane versus n -Nonane upon the Extraction of Asphaltenes
Subramanian 2015,цитирует,10.1021/acs.energyfuels.2c00884,2022,13,Energy & Fuels,Perspectives on Microfluidics for the Study of Asphaltenes in Upstream Hydrocarbon Production: A Minireview
Subramanian 2015,цитирует,10.1016/j.jmgm.2023.108659,2023,12,Journal of Molecular Graphics and Modell,Effect of the bare and functionalized single-wall carbon nanotubes on inhibition of asphaltene molecules aggregation: A molecular dynamic si
Subramanian 2015,цитирует,10.1007/s13369-023-07702-2,2023,12,Arabian Journal for Science and Engineer,Factorial Analysis of Experimental Parameters Effecting Asphaltene Precipitation in Dead Crude Oils
Subramanian 2015,цитирует,10.1021/acs.energyfuels.1c00483,2021,11,Energy & Fuels,Evaluation of Asphaltene Remediation Using Microemulsion Formulations in a Porous Media Microfluidic Device
Subramanian 2015,цитирует,10.1016/j.geoen.2025.213767,2025,10,Geoenergy Science and Engineering,"Reviewing CO2 dynamics in acidizing carbonate reservoirs: Mechanisms, impacts, and models"
Subramanian 2015,цитирует,10.1016/j.applthermaleng.2024.123217,2024,10,Applied Thermal Engineering,A novel algorithm for asphaltene precipitation modeling in shale reservoirs with the consideration of capillary pressure during the CCUS pro
Subramanian 2015,цитирует,10.1021/acs.energyfuels.3c02063,2023,10,Energy & Fuels,Molecular Signatures of Asphaltene Precipitation in a Depressurization Process
Subramanian 2015,цитирует,10.1016/j.fuel.2022.126436,2022,10,Fuel,Applicability and structural relevance of Hansen solubility parameters for asphaltenes
Subramanian 2015,цитирует,10.1021/acsomega.2c03249,2022,9,ACS Omega,Asphaltene Precipitation Prediction during Bitumen Recovery: Experimental Approach versus Population Balance and Connectionist Models
Subramanian 2015,цитирует,10.1021/acs.jpca.2c02666,2022,9,The Journal of Physical Chemistry A,Intermolecular Interactions of Pyrene and Its Oxides in Toluene Solution
Subramanian 2015,цитирует,10.1016/j.fuel.2022.124418,2022,9,Fuel,Laser desorption ionization and collision induced dissociastion as powerful tools for FT-ICR mass spectrometric characterization of asphalte
Subramanian 2015,цитирует,10.1016/j.fuel.2024.132428,2024,8,Fuel,A resorcinarene-based crude oil asphaltene dispersant
Subramanian 2015,цитирует,10.1007/s13202-021-01233-y,2021,8,Journal of Petroleum Exploration and Pro,Asphaltene precipitation modeling in dead crude oils using scaling equations and non-scaling models: comparative study
Subramanian 2015,цитирует,10.1016/j.molliq.2021.116411,2021,6,Journal of Molecular Liquids,Enthalpic perspective on thermodynamic equilibrium of bulk and confined liquids: A review
Subramanian 2015,цитирует,10.1021/acs.energyfuels.0c04397,2021,6,Energy & Fuels,Comparing C5Pe and Asphaltenes under Temperature and Pressure Reservoir Conditions Using an Acoustic Wave Sensor
Subramanian 2015,цитирует,10.2118/205368-pa,2021,6,SPE Journal,"An Integrated Simulation Approach for Wellbore Blockage Considering Precipitation, Aggregation, and Deposition of Asphaltene Particles"
Subramanian 2015,цитирует,10.1016/j.fluid.2023.114013,2023,5,Fluid Phase Equilibria,Prediction of polycyclic aromatic hydrocarbons solubility in different solvents
Subramanian 2015,цитирует,10.2118/213613-pa,2023,5,SPE Journal,Evaluation of Polymers as a Strategy to Reduce Asphaltene Adsorption on Rock Surface
Subramanian 2015,цитирует,10.1021/acs.energyfuels.2c00969,2022,5,Energy & Fuels,Is Solubility Classification a Meaningful Measure in Thermal Conversion?
Subramanian 2015,цитирует,10.1021/acsomega.4c11034,2025,3,ACS Omega,Study on the Surface Functional Groups of Asphaltenes Pre- and Post-Hydrotreating in Different Reaction Systems
Subramanian 2015,цитирует,10.1016/j.fuel.2025.134579,2025,3,Fuel,Probing the effect of particle size on the interfacial properties and stability of Asphaltenes-particle stabilized emulsion
Subramanian 2015,цитирует,10.2118/216215-ms,2023,3,,Chemical Inhibitors for Asphaltene Control in the Oil Industry: A Comprehensive Review of Laboratory Experimental Techniques and Performance
Subramanian 2015,цитирует,10.1016/j.colsurfa.2023.132467,2023,3,Colloids and Surfaces A Physicochemical ,Effect of temperature on the appearance of flocculated asphaltene in an unperturbed unstable American shale oil: Insights from a colloidal m
Subramanian 2015,цитирует,10.1007/s43153-023-00311-4,2023,3,Brazilian Journal of Chemical Engineerin,Structural characterization of asphaltenes enriched in Island and archipelago motifs by LDI ( +) FT-ICR MS
Tabzar 2018,ссылается,10.1016/b978-0-12-801996-2.00012-x,2015,1509,Elsevier eBooks,Hydrocarbon Processing
Tabzar 2018,ссылается,10.1016/s0376-7361(98)x8021-0,1998,597,Developments in petroleum science,PVT and Phase Behaviour of Petroleum Reservoir Fluids
Tabzar 2018,ссылается,10.1016/0378-3812(84)85027-x,1984,385,Fluid Phase Equilibria,An internally consistent correlation for predicting the critical properties and molecular weights of petroleum and coal-tar liquids
Tabzar 2018,ссылается,10.1002/aic.690130612,1967,270,AIChE Journal,Vapor‐liquid equilibria at high pressures: Calculation of partial molar volumes in nonpolar liquid mixtures
Tabzar 2018,ссылается,10.1201/b17887,2014,219,CRC Press eBooks,Phase Behavior of Petroleum Reservoir Fluids
Tabzar 2018,ссылается,10.1016/j.jngse.2014.11.033,2014,89,Journal of Natural Gas Science and Engin,Impact of Fe3O4 nanoparticles on asphaltene precipitation during CO2 injection
Tabzar 2018,ссылается,10.2118/37468-ms,1997,80,SPE Production Operations Symposium,Asphaltene Deposition During CO2 Flooding: A Laboratory Assessment
Tabzar 2018,ссылается,10.2516/ogst/2012066,2013,54,Oil & Gas Science and Technology – Revue,Structural Study of Asphaltenes from Iranian Heavy Crude Oil
Tabzar 2018,ссылается,10.1115/1.1937416,2005,46,Journal of Energy Resources Technology,Asphaltene Near-well-bore Formation Damage Modeling
Tabzar 2018,ссылается,10.2516/ogst/2016013,2016,43,Oil & Gas Science and Technology – Revue,Influence of pH on Oil-Water Interfacial Tension and Mass Transfer for Asphaltenes Model Oils. Comparison with Crude Oil Behavior
Tabzar 2018,ссылается,10.2516/ogst/2017038,2018,35,Oil & Gas Science and Technology – Revue,Investigation of Asphaltene Adsorption onto Zeolite Beta Nanoparticles to Reduce Asphaltene Deposition in a Silica Sand Pack
Tabzar 2018,ссылается,10.2516/ogst/2014037,2014,33,Oil & Gas Science and Technology – Revue,Prediction of the Gas Injection Effect on the Asphaltene Phase Envelope
Tabzar 2018,ссылается,10.2516/ogst/2017031,2017,32,Oil & Gas Science and Technology – Revue,Aluminum Oxide Nanoparticles for Highly Efficient Asphaltene Separation from Crude Oil Using Ceramic Membrane Technology
Tabzar 2018,ссылается,10.2118/38857-ms,1997,31,SPE Annual Technical Conference and Exhi,Thermodynamic Micellization Model for Asphaltene Precipitation from Reservoir Crudes at High Pressures and Temperatures
Tabzar 2018,ссылается,10.1115/1.4035746,2017,20,Journal of Energy Resources Technology,A Preliminary Investigation Into the Characterization of Asphaltenes Extracted From an Oil Sand and Two Vacuum Residues From Petroleum Refin
Tabzar 2018,ссылается,10.1115/1.4006435,2012,17,Journal of Energy Resources Technology,Comparison of Ultrasonic Wave Radiation Effects on Asphaltene Aggregation in Toluene–Pentane Mixture Between Heavy and Extra Heavy Crude Oil
Tabzar 2018,ссылается,10.1115/1.4031042,2015,15,Journal of Energy Resources Technology,Application of Artificial Neural Network-Particle Swarm Optimization Algorithm for Prediction of Asphaltene Precipitation During Gas Injecti
Tabzar 2018,ссылается,10.2516/ogst/2017039,2018,10,Oil & Gas Science and Technology – Revue,Characterization of Complex Crude Oil Microemulsions-DSC Contribution
Tabzar 2018,ссылается,10.2118/49501-ms,1998,4,Abu Dhabi International Petroleum Exhibi,Integrated Analysis of Asphaltene Deposition from Field Production Data and Laboratory Experiments
Tabzar 2018,цитирует,10.1016/j.flowmeasinst.2024.102601,2024,39,Flow Measurement and Instrumentation,Application of artificial neural network to multiphase flow metering: A review
Tabzar 2018,цитирует,10.1016/j.petrol.2021.109066,2021,30,Journal of Petroleum Science and Enginee,Development of a new chemical solvent package for increasing the asphaltene removal performance under static and dynamic conditions
Tabzar 2018,цитирует,10.1115/1.4051738,2021,24,Journal of Energy Resources Technology,A Numerical Approach to Investigate the Impact of Acid-Asphaltene Sludge Formation on Wormholing During Carbonate Acidizing
Tabzar 2018,цитирует,10.2118/228644-ms,2025,8,SPE Nigeria Annual International Confere,Cutting-Edge Strategies for Flow Assurance and Multiphase Flow Management in Modern Oil and Gas Operations
Tabzar 2018,цитирует,10.1021/acsomega.1c00234,2021,6,ACS Omega,Effect of Carbon Dioxide on Paraffinic Bitumen Froth Treatment: Asphaltene Precipitation from a Commercial Bitumen Froth Sample
Tabzar 2018,цитирует,10.1134/s0965544121110219,2021,3,Petroleum Chemistry,Prediction of Asphaltene Precipitation Envelope (APE) Using Empirical Equations and Equation of State Model
Tabzar 2018,цитирует,10.1007/s11696-025-04005-8,2025,2,Chemical Papers,Impact of the injection of different gases under the influence of various aromatic solvents on asphaltene precipitation envelope
Tabzar 2018,цитирует,10.1021/acsomega.4c08126,2025,1,ACS Omega,Combined Effect of Depressor Additive and Heat Treatment on the Rheological Properties of Highly Paraffinic Oils
Tabzar 2018,цитирует,10.1016/j.fuel.2026.139686,2026,0,Fuel,A multiscale investigation of asphaltene precipitation in live oil: integrating laboratory analysis with computational molecular dynamics
Tabzar 2018,цитирует,10.2118/214201-ms,2023,0,,Experimental Investigation of Asphaltene Deposition Remediation in Northern Iraqi Fields Using Green Metal Oxide Nanofluids/chemicals as Dis
Tabzar 2018,цитирует,10.48072/2525-7579.rog.2022.060,2022,0,Technical Papers ... Rio Oil & Gas,Effect of asphaltenes precipitation and Deposition by gas injection on physical Properties and oil recovery factor
Ring 1994,ссылается,10.1002/j.1551-8833.1937.tb14014.x,1937,465,American Water Works Association,Some Notes on Sand Filtration
Ring 1994,ссылается,10.2118/5434-pa,1975,448,Journal of Petroleum Technology,Estimating the Viscosity of Crude Oil Systems
Ring 1994,ссылается,10.2118/16235-ms,1987,43,SPE Production Operations Symposium,Effect of Clay Swelling and Fines Migration on Formation Permeability
Ring 1994,ссылается,10.26153/tsw/8269,1981,25,,A Statistical Study of Reservoir Heterogeneity
Ring 1994,ссылается,10.2118/20482-ms,1990,11,SPE Annual Technical Conference and Exhi,Improved Calculation of Oil Production Response to Electrical Resistance Heating (ERH)
Ring 1994,цитирует,10.1021/acs.energyfuels.2c00210,2022,20,Energy & Fuels,Minireview of Formation Damage Control through Nanotechnology Utilization at Fieldwork Conditions
Ring 1994,цитирует,10.1007/s11053-021-09923-4,2021,20,Natural Resources Research,"Effect of Water Flooding on Oil Reservoir Permeability: Saturation Index Prediction Model for Giant Oil Reservoirs, Southern Iraq"
Ring 1994,цитирует,10.2118/217254-ms,2023,2,SPE Nigeria Annual International Confere,Improving the Flowability of Waxy Crude Oil Using Orange Seed Oil Derived Additive
Ring 1994,цитирует,10.1134/s1995080226618424,2026,0,Lobachevskii Journal of Mathematics,Modeling of Paraffin Deposition During Flooding of Oil Reservoirs with Cold Water
Ring 1994,цитирует,10.1016/b978-0-323-90228-1.00038-8,2023,0,Elsevier eBooks,Bibliography
Wang 1999,ссылается,10.2118/23810-pa,1994,239,SPE Production & Facilities,A Systematic Approach for the Prevention and Treatment of Formation Damage Caused by Asphaltene Deposition
Wang 1999,ссылается,10.1021/j150556a009,1957,93,The Journal of Physical Chemistry,A Study of the Colloidal Characteristics of Petroleum using the Ultracentrifuge
Wang 1999,ссылается,10.2118/31101-ms,1996,83,SPE Formation Damage Control Symposium,A Multi-Purpose Formation Damage Model
Wang 1999,ссылается,10.2118/943188-g,1943,73,Transactions of the AIME,Asphaltic Substances in Crude Oils
Wang 1999,ссылается,10.2523/13796-ms,1985,41,SPE Production Operations Symposium,Formation Damage Prevention Through the Control of Paraffin and Asphaltene Deposition
Wang 1999,ссылается,10.1115/1.3231358,1988,35,Journal of Energy Resources Technology,Experimental Determination of Formation Damage Pore Blocking Mechanisms
Wang 1999,ссылается,10.2523/5304-ms,1975,12,,Electrical and Other Effects Related to the Formation and Prevention of Asphaltene Deposition Problem in Venezuelan Crudes
Wang 1999,ссылается,10.2523/37250-ms,1997,11,SPE International Symposium on Oilfield ,Core Damage From Crude Asphaltene Deposition
Wang 1999,ссылается,10.2523/39446-ms,1998,10,,Asphaltene Near-wellbore Formation Damage Modeling
Wang 1999,ссылается,10.2523/27070-ms,1994,5,SPE Latin American and Caribbean Petrole,Modeling and Prevention of Asphaltene and Other Heavy Organic Deposition in Oil Wells
Wang 1999,ссылается,10.2523/18894-ms,1989,5,SPE Production Operations Symposium,Identification and Treating of Downhole Organic Deposits
Wang 1999,ссылается,10.2523/35213-ms,1996,2,Permian Basin Oil and Gas Recovery Confe,Interactions of the Horizontal Wellbore Hydraulics and Formation Damage
Wang 1999,цитирует,10.1007/s12517-021-09221-6,2022,26,Arabian Journal of Geosciences,"Phenomena, factors of wax deposition and its management strategies"
Wang 1999,цитирует,10.2118/213613-ms,2023,1,"Middle East Oil, Gas and Geosciences Sho",Exploration of Novel Sacrificial Fluids for Asphaltene Adsorption Remediation
Wang 1999,цитирует,10.11575/prism/39071,2021,0,,Dynamics of Viscous Fingering in Porous Media in the Presence of Injected or In Situ Generated Particles
Wang Civan 2005,ссылается,10.2118/94268-ms,2005,22,SPE Production Operations Symposium,Preventing Asphaltene Deposition in Oil Reservoirs by Early Water Injection
Nikiforov 2022,ссылается,10.2118/225-g,1953,1591,Journal of Petroleum Technology,Relative Permeability Calculations From Pore Size Distribution Data
Nikiforov 2022,ссылается,10.1021/ie50546a049,1955,42,Industrial & Engineering Chemistry,Properties of Paraffin Waxes
Nikiforov 2022,ссылается,10.1002/cjce.5450390202,1961,16,The Canadian Journal of Chemical Enginee,Solid‐liquid equilibria in wax crystallization
Nikiforov 2022,ссылается,10.1007/bf02681442,1998,6,Journal of Engineering Physics and Therm,Simulation of transfer of solid particles by a filtration flow
Nikiforov 2022,ссылается,10.1007/s10553-015-0581-1,2015,3,Chemistry and Technology of Fuels and Oi,Model for Treatment of Oil Reservoirs with Polymer-Dispersed Systems
Nie Yang 2014,ссылается,10.1016/s0378-3812(99)00106-5,1999,135,Fluid Phase Equilibria,Wax deposition in single phase flow
Nie Yang 2014,ссылается,10.1023/b:mecc.0000046444.98941.3c,2004,43,Meccanica,Mathematical Models for Waxy Crude Oils
Nie Yang 2014,ссылается,10.2118/384-g,1955,43,Journal of Petroleum Technology,Studies of the Mechanism of Paraffin Deposition and Its Control
Nie Yang 2014,ссылается,10.1081/lft-100001233,2001,41,Petroleum Science and Technology,THE EFFECT OF PARAFFINIC FRACTIONS ON CRUDE OIL WAX CRYSTALLIZATION
Nie Yang 2014,ссылается,10.2118/96-10-03,1996,24,Journal of Canadian Petroleum Technology,Modelling of Solid Precipitation From Reservoir Fluid
Nie Yang 2014,ссылается,10.2118/115184-ms,2008,21,SPE Russian Oil and Gas Technical Confer,Wax Modeling: There is Need for Alternatives
Nie Yang 2014,ссылается,10.1016/s0895-7177(97)00031-9,1997,21,Mathematical and Computer Modelling,Flow characteristics of waxy crude oils in laboratory experimental loops
Nie Yang 2014,ссылается,10.2118/38870-ms,1997,19,SPE Annual Technical Conference and Exhi,Resolution of the Principal Formation Damage Mechanisms Causing Injectivity and Productivity Impairment in the Pembina Cardium Reservoir
Nie Yang 2014,ссылается,10.2118/75141-ms,2002,16,SPE/DOE Improved Oil Recovery Symposium,Optimizing Waterflood Performance by Utilizing Hot Water Injection in a High Paraffin Content Reservoir
Nie Yang 2014,ссылается,10.2523/75141-ms,2002,12,SPE Improved Oil Recovery Conference,Optimizing Waterflood Performance by Utilizing Hot Water Injection in a High Paraffin Content Reservoir
Nie Yang 2014,ссылается,10.2523/39083-ms,1997,7,SPE Latin American and Caribbean Petrole,Improved Waterflooding in Reservoirs of Highly Paraffinic Oils
Nie Yang 2014,ссылается,10.1016/j.petrol.2009.06.022,2009,6,Journal of Petroleum Science and Enginee,Application of prediction models to performance of high paraffinic content oilfields: Case study Shen95 Block of Jinganbao Oilfield
Nie Yang 2014,ссылается,10.2523/38870-ms,1997,2,SPE Annual Technical Conference and Exhi,Resolution of the Principal Formation Damage Mechanisms Causing Injectivity and Productivity Impairment in the Pembina Cardium Reservoir
Nie Yang 2014,цитирует,10.1016/j.engeos.2024.100304,2024,4,Energy Geoscience,Role of high-density brines in reservoir development stages: A review
Nie Yang 2014,цитирует,10.1088/1755-1315/1021/1/012016,2022,4,IOP Conference Series Earth and Environm,Development of an experimental set-up for studying the effect of elastic oscillations on fluid flow through rocks
Nie Yang 2014,цитирует,10.1016/j.petsci.2025.11.013,2025,2,Petroleum Science,"Study of the effect of nanoemulsion on the EOR in low-permeability, highly waxy oil reservoirs based on NMR displacement experiments"
Bekibayev 2026,ссылается,10.3133/ofr88441,1988,555,Antarctica A Keystone in a Changing Worl,Thermal properties of rocks
Bekibayev 2026,ссылается,10.1063/1.555985,1996,432,Journal of Physical and Chemical Referen,Heat Capacities and Entropies of Organic Compounds in the Condensed Phase. Volume III
Bekibayev 2026,ссылается,10.1029/92wr02581,1993,249,Water Resources Research,Mass transfer from nonaqueous phase organic liquids in water‐saturated porous media
Bekibayev 2026,ссылается,10.1016/s0009-2509(02)00059-3,2002,145,Chemical Engineering Science,Shape normalization and analysis of the mass transfer controlled regime in catalytic monoliths
Bekibayev 2026,ссылается,10.1016/j.fuel.2021.120358,2021,94,Fuel,Critical review on wax deposition in single-phase flow
Bekibayev 2026,ссылается,10.2118/10224-pa,1989,88,SPE Formation Evaluation,Two-Phase Pressure Test Analysis
Bekibayev 2026,ссылается,10.1021/j100175a105,1991,75,The Journal of Physical Chemistry,Heat capacities of paraffins and polyethylene
Bekibayev 2026,ссылается,10.1016/j.petrol.2021.108851,2021,52,Journal of Petroleum Science and Enginee,Development of wax molecular diffusivity correlation suitable for crude oil in wax deposition: Experiments with a cold-finger apparatus
Bekibayev 2026,ссылается,10.1029/2000wr900374,2001,45,Water Resources Research,Dissolution of residual tetrachloroethylene in fractional wettability porous media: incorporation of interfacial area estimates
Bekibayev 2026,ссылается,10.1016/j.fluid.2018.08.016,2018,44,Fluid Phase Equilibria,"Thermal conductivity of heavy, even-carbon number n-alkanes (C22 to C32)"
Bekibayev 2026,ссылается,10.1021/ie501955e,2014,38,Industrial & Engineering Chemistry Resea,Fundamental Investigation of Wax Diffusion Characteristics in Water-in-Oil Emulsion
Bekibayev 2026,ссылается,10.1016/j.fuel.2023.129567,2023,32,Fuel,Dynamic characterization of residual oil during long-term waterflooding experiments in heterogeneous porous structures
Bekibayev 2026,ссылается,10.2118/31128-ms,1996,24,SPE Formation Damage Control Symposium,Chemical Removal of Formation Damage From Paraffin Deposition Part I – Solubility and Dissolution Rate
Bekibayev 2026,ссылается,10.2118/35213-ms,1996,18,Permian Basin Oil and Gas Recovery Confe,Interactions of the Horizontal Wellbore Hydraulics and Formation Damage
Bekibayev 2026,ссылается,10.3389/feart.2021.712566,2021,13,Frontiers in Earth Science,Numerical Studies and Analyses on the Acidizing Process in Vug Carbonate Rocks
Bekibayev 2026,ссылается,10.2118/77545-ms,2002,12,SPE Annual Technical Conference and Exhi,A Unified Theory on Residual Oil Saturation and Irreducible Water Saturation
Bekibayev 2026,ссылается,10.1002/cjce.23651,2019,10,The Canadian Journal of Chemical Enginee,Correlations for prediction of molecular diffusivities in liquids at infinite dilution for normal paraffin solutions
Bekibayev 2026,ссылается,10.1016/j.corsci.2017.12.009,2017,9,Corrosion Science,Effect of small concentrations of gallium and lead on anodic activation of aluminium in chloride solution
Bekibayev 2026,ссылается,10.1016/j.aca.2005.01.072,2005,9,Analytica Chimica Acta,Prediction of molecular weight and density of n-alkanes (C6–C44)
Bekibayev 2026,ссылается,10.3390/pr13103328,2025,4,Processes,Compositional Formulations for the Removal and Dissolution of Asphaltene–Resin–Paraffin Deposits in the Near-Wellbore Zone and Tubing String
Bekibayev 2026,ссылается,10.3390/en18092335,2025,4,Energies,Normalization of Relative-Permeability Curves of Cores in High-Water-Content Tight Sandstone Gas Reservoir
Bekibayev 2026,ссылается,10.5772/intechopen.95448,2021,3,IntechOpen eBooks,Dissolution Mass Transfer of Trapped Phase in Porous Media
Bekibayev 2026,ссылается,10.29017/scog.36.2.764,2022,2,Scientific Contributions Oil and Gas,Wax Precipitation in Crude Oil by Coutinho Model Based on Conventional Gas Chromatography Data
Bekibayev 2026,ссылается,10.3390/pr14132048,2026,1,Processes,Mechanism and Kinetics of the Interaction of Activated Aluminum with Water and Aqueous Electrolytes
Bekibayev 2026,ссылается,10.29017/scog.42.1.395,2019,1,Scientific Contributions Oil and Gas,IMBIBITION WATER-OIL RELATIVE PERMEABILITY: INTRODUCTION OF WETTABILITY STRENGTH FOR ENHANCING MODEL ROBUSTNESS
Sharafutdinov 2001,ссылается,10.1007/bf02040793,1994,13,Fluid Dynamics,Barothermal effect in three-phase flow through a porous medium with phase transitions
Sharafutdinov 2001,цитирует,10.1134/s0021894421060080,2021,0,Journal of Applied Mechanics and Technic,TECHNOGENIC VARIATION OF RESERVOIR PERMEABILITY DURING NONISOTHERMAL OIL — GAS — PARAFFIN FILTERING IN THE CASE OF PHASE TRANSITIONS
Sandyga 2020,ссылается,10.1039/9781847551764,2002,338,Royal Society of Chemistry eBooks,Principles of Thermal Analysis and Calorimetry
Sandyga 2020,ссылается,10.1021/ef00030a020,1991,137,Energy & Fuels,Wax precipitation from North Sea crude oils. 2. Solid-phase content as function of temperature determined by pulsed NMR
Sandyga 2020,ссылается,10.1016/s0016-2361(99)00235-5,2000,136,Fuel,Wax deposition from Middle East crudes
Sandyga 2020,ссылается,10.1016/j.jconhyd.2010.08.009,2010,129,Journal of Contaminant Hydrology,PDF equations for advective–reactive transport in heterogeneous porous media with uncertain properties
Sandyga 2020,ссылается,10.1021/ma0204047,2002,127,Macromolecules,Interaction of Paraffin Wax Gels with Random Crystalline/Amorphous Hydrocarbon Copolymers
Sandyga 2020,ссылается,10.1016/j.trac.2018.10.037,2018,108,TrAC Trends in Analytical Chemistry,Characterization of polymers based on differential scanning calorimetry based techniques
Sandyga 2020,ссылается,10.3390/pr8050579,2020,105,Processes,Assessing Supply Chain Risks in the Automotive Industry through a Modified MCDM-Based FMECA
Sandyga 2020,ссылается,10.2118/13796-ms,1985,79,SPE Production Operations Symposium,Formation Damage Prevention through the Control of Paraffin and Asphaltene Deposition
Sandyga 2020,ссылается,10.1021/ef050022c,2005,77,Energy & Fuels,Asphaltenes and Waxes Do Not Interact Synergistically and Coprecipitate in Solid Organic Deposits
Sandyga 2020,ссылается,10.2118/134670-ms,2010,71,SPE Annual Technical Conference and Exhi,"Complete Solution for Transient Heat Transport in Porous Media, Following Lauwerier's Concept"
Sandyga 2020,ссылается,10.1016/s0016-2361(00)00092-2,2001,69,Fuel,Measurement of the wax appearance temperatures of crude oils by temperature modulated differential scanning calorimetry
Sandyga 2020,ссылается,10.1017/cbo9781316146743,2015,67,Cambridge University Press eBooks,Engineering Chemistry
Sandyga 2020,ссылается,10.1021/ef900173b,2009,66,Energy & Fuels,Measurement of Wax Appearance Temperature Using Near-Infrared (NIR) Scattering
Sandyga 2020,ссылается,10.1016/j.petrol.2004.05.003,2004,64,Journal of Petroleum Science and Enginee,Study of the paraffin deposit formation using the cold finger methodology for Brazilian crude oils
Sandyga 2020,ссылается,10.2118/140738-pa,2011,61,SPE Journal,A Comparative Study of the Probabilistic-Collocation and Experimental-Design Methods for Petroleum-Reservoir Uncertainty Quantification
Sandyga 2020,ссылается,10.2118/62945-ms,2000,53,SPE Annual Technical Conference and Exhi,Measurement of Waxy Crude Properties Using Novel Laboratory Techniques
Sandyga 2020,ссылается,10.2118/86553-pa,2006,52,SPE Production & Operations,Formation Damage Caused by Simultaneous Sulfur and Asphaltene Deposition
Sandyga 2020,ссылается,10.3390/pr8020197,2020,38,Processes,Investigation of an Improved Polymer Flooding Scheme by Compositionally-Tuned Slugs
Sandyga 2020,ссылается,10.2118/195155-ms,2019,29,SPE Middle East Oil and Gas Show and Con,Optimization of Energy Recovery from Geothermal Reservoirs Undergoing Re-Injection: Conceptual Application in Saudi Arabia
Sandyga 2020,ссылается,10.1016/j.petrol.2017.12.082,2018,23,Journal of Petroleum Science and Enginee,The challenges of waxy oil production in a Russian oil field and laboratory investigations
Sandyga 2020,ссылается,10.1021/ef7007453,2008,22,Energy & Fuels,Measurement of Wax Appearance Temperature under Simulated Pipeline (Dynamic) Conditions
Sandyga 2020,ссылается,10.1021/ef500036u,2014,16,Energy & Fuels,Ultrasonic Detection and Analysis of Wax Appearance Temperature of Kingfisher Live Oil
Sandyga 2020,ссылается,10.2118/37238-ms,1997,15,International Symposium on Oilfield Chem,"Detection Of Formation Damage Associated To Paraffin In Reservoirs Of The Recôncavo Baiano, Brazil"
Sandyga 2020,ссылается,10.2118/88963-ms,2004,14,Nigeria Annual International Conference ,Measurement of Wax Appearance Temperature of an Offshore Live Crude Oil using Laboratory Light Transmission Method
Sandyga 2020,ссылается,10.18599/grs.2018.3.178-185,2018,13,Georesursy,Hydrodynamic modeling of thermochemical treatment of low permeable kerogen-containing reservoirs
Sandyga 2020,ссылается,10.2118/124799-ms,2009,11,SPE Annual Technical Conference and Exhi,Using Cross-Polarized Microscopy to Optimize Wax-Treatment Methods
Sandyga 2020,ссылается,10.1021/ie50258a021,1931,11,Industrial & Engineering Chemistry,Composition and Crystal Form of the Petroleum Waxes
Sandyga 2020,ссылается,10.1021/acs.analchem.9b04300,2019,10,Analytical Chemistry,Stochastic Differential Scanning Calorimetry by Nonlinear Optical Microscopy
Sandyga 2020,ссылается,10.2118/01-06-04,2001,7,Journal of Canadian Petroleum Technology,Reservoir Paraffin Precipitation: The Oil Recovery Challenge in Dom Jo?o Field?
Sandyga 2020,ссылается,10.30713/0207-2351-2018-12-64-67,2018,6,Oilfield Engineering,PHYSICAL MODELING OF COLMATATION PROCESSES IN THE NEAR-WELL BOTTOM ZONE OF SREDNE-BOTUOBINSKY FIELD. PART 2. SIMULATION OF COLMATATION OF A 
Sandyga 2020,цитирует,10.3390/app12031336,2022,49,Applied Sciences,Application of Neural Network and Time-Domain Feature Extraction Techniques for Determining Volumetric Percentages and the Type of Two Phase
Sandyga 2020,цитирует,10.3390/en15061986,2022,31,Energies,Extraction of Time-Domain Characteristics and Selection of Effective Features Using Correlation Analysis to Increase the Accuracy of Petrole
Sandyga 2020,цитирует,10.1016/j.cep.2023.109619,2023,30,Chemical Engineering and Processing - Pr,A mechanistic study of the synergistic and counter effects of ultrasonic and solvent treatment on the rheology and asphaltene structure of h
Sandyga 2020,цитирует,10.3390/en14206673,2021,29,Energies,Improving the Efficiency of Oil and Gas Wells Complicated by the Formation of Asphalt–Resin–Paraffin Deposits
Sandyga 2020,цитирует,10.18799/24131830/2023/10/4181,2023,18,Bulletin of the Tomsk Polytechnic Univer,STUDY OF CONDITIONS FOR GAS HYDRATE AND ASPHALTENE-RESIN-PARAFFIN DEPOSITS FORMATION IN MECHANIZED OIL PRODUCTION
Sandyga 2020,цитирует,10.3390/en15030753,2022,18,Energies,Environmentally Safe Technology to Increase Efficiency of High-Viscosity Oil Production for the Objects with Advanced Water Cut
Sandyga 2020,цитирует,10.31897/pmi.2020.6.7,2021,14,Journal of Mining Institute,Investigation of probabilistic models for forecasting the efficiency of proppant hydraulic fracturing technology
Sandyga 2020,цитирует,10.1115/1.4062084,2023,11,Journal of Energy Resources Technology,"An Insight Into Wax Precipitation, Deposition, and Prevention Stratagem of Gas-Condensate Flow in Wellbore Region"
Sandyga 2020,цитирует,10.3390/su132413622,2021,10,Sustainability,Optimization of X-ray Tube Voltage to Improve the Precision of Two Phase Flow Meters Used in Petroleum Industry
Sandyga 2020,цитирует,10.15593/2712-8008/2021.2.2,2021,4,Вестник Пермского национального исследов,Results of Studying the Influence of Destroying Liquids on Polymineral Filter Cake
Sandyga 2020,цитирует,10.2118/210338-ms,2022,3,SPE Annual Technical Conference and Exhi,Wax Deposition Pattern in Wellbore Region of Deep Condensate Gas Reservoir and Its Prevention: A Combined Experimental and Simulation Study
Sandyga 2020,цитирует,10.17580/em.2022.02.09,2022,2,Eurasian Mining,Well production after hydraulic fracturing in sandstone rocks in the north of the Perm region
Sandyga 2020,цитирует,10.1016/j.fuel.2025.137748,2025,1,Fuel,In-Reservoir desulfurization of High-Sulfur heavy oil in a carbonate reservoir during thermal steam treatment
Sandyga 2020,цитирует,10.30574/gjeta.2023.14.3.0054,2023,1,Global Journal of Engineering and Techno,The effect of polyethylene butene (PEB) and xylene on the shear stress of Niger delta crude oil
Sandyga 2020,цитирует,10.18799/24131830/2021/4/3146,2021,1,Bulletin of the Tomsk Polytechnic Univer,ПРОГНОЗИРОВАНИЕ ГЛУБИНЫ НАЧАЛА ОБРАЗОВАНИЯ АСФАЛЬТЕНОСМОЛОПАРАФИНОВЫХ ОТЛОЖЕНИЙ В НЕФТЕДОБЫВАЮЩИХ СКВАЖИНАХ
Sandyga 2020,цитирует,10.1016/j.molliq.2026.129898,2026,0,Journal of Molecular Liquids,Structural instability mechanisms and dissolution strategies for high-carbon component deposits recovered from unconventional reservoirs
Sandyga 2020,цитирует,10.3390/pr14172804,2026,0,Processes,Review of the Plugging Mechanisms and Plugging-Removal Technologies of Mechanical Sand-Control Screens
Sandyga 2020,цитирует,10.1016/j.ptlrs.2026.03.004,2026,0,Petroleum Research,Experimental investigation on the impact of acoustic vibrations on rock permeability while filtration of crude petroleum with wax particles
Sandyga 2020,цитирует,10.1088/1755-1315/1521/1/012013,2025,0,IOP Conference Series Earth and Environm,Exploring Zeolite–Xanthan Gum Nanocomposites as Potential Candidates for Chemical Enhanced Oil Recovery (EOR) Applications
Sandyga 2020,цитирует,10.1088/1742-6596/1990/1/012009,2021,0,Journal of Physics Conference Series,Bitumen-polymer compositions for asphalt concrete
Li 2024,ссылается,10.1007/s13202-022-01476-3,2022,204,Journal of Petroleum Exploration and Pro,A review on the applications of nuclear magnetic resonance (NMR) in the oil and gas industry: laboratory and field-scale measurements
Li 2024,ссылается,10.1016/j.physrep.2013.01.003,2013,188,Physics Reports,Magnetic resonance imaging in laboratory petrophysical core analysis
Li 2024,ссылается,10.1016/j.jiec.2018.12.044,2018,112,Journal of Industrial and Engineering Ch,Experimental investigation of surfactant enhanced spontaneous imbibition in Chinese shale oil reservoirs using NMR tests
Li 2024,ссылается,10.1016/j.petrol.2016.09.041,2016,111,Journal of Petroleum Science and Enginee,"A new perspective on the measurements of wax appearance temperature: Comparison between DSC, thermomicroscopy and rheometry and the cooling "
Li 2024,ссылается,10.1016/s0040-6031(03)00367-8,2003,110,Thermochimica Acta,Determining the wax content of crude oils by using differential scanning calorimetry
Li 2024,ссылается,10.1016/j.fuel.2023.129676,2023,98,Fuel,"A comprehensive review of wax deposition in crude oil systems: Mechanisms, influencing factors, prediction and inhibition techniques"
Li 2024,ссылается,10.1021/ef201407j,2011,95,Energy & Fuels,Flow Assurance Study for Waxy Crude Oils
Li 2024,ссылается,10.1021/acs.energyfuels.7b03058,2018,93,Energy & Fuels,Basic Fundamentals of Petroleum Rheology and Their Application for the Investigation of Crude Oils of Different Natures
Li 2024,ссылается,10.1016/j.jappgeo.2016.07.026,2016,89,Journal of Applied Geophysics,A review on the applications of the nuclear magnetic resonance (NMR) technology for investigating fractures
Li 2024,ссылается,10.1021/ef010016q,2001,81,Energy & Fuels,Determination of Wax Precipitation Temperature and Amount of Precipitated Solid Wax versus Temperature for Crude Oils Using FT-IR Spectrosco
Li 2024,ссылается,10.15406/oajs.2018.02.00054,2018,76,Open Access Journal of Science,"Wax deposition process: mechanisms, affecting factors and mitigation methods"
Li 2024,ссылается,10.1016/j.petrol.2018.02.002,2018,61,Journal of Petroleum Science and Enginee,A comprehensive study of the impact of wax compositions on the wax appearance temperature (WAT) of some Iranian crude oils: An experimental 
Li 2024,ссылается,10.1016/j.cej.2023.144070,2023,54,Chemical Engineering Journal,"Adsorption characteristics, isotherm, kinetics, and diffusion of nanoemulsion in tight sandstone reservoir"
Li 2024,ссылается,10.1016/j.fuel.2012.09.036,2012,52,Fuel,Effect of cooling rate on the wax precipitation temperature of “waxy” mixtures
Li 2024,ссылается,10.1016/j.petrol.2019.106321,2019,51,Journal of Petroleum Science and Enginee,Pore size distribution from NMR and image based methods: A comparative study
Li 2024,ссылается,10.1007/s10973-019-08244-2,2019,51,Journal of Thermal Analysis and Calorime,A review on the application of differential scanning calorimetry (DSC) to petroleum products
Li 2024,ссылается,10.1007/s12182-013-0305-2,2013,45,Petroleum Science,Advances in rheology and flow assurance studies of waxy crude
Li 2024,ссылается,10.2118/30558-pa,1997,39,SPE Formation Evaluation,Measurement of Aperture and Multiphase Flow in Fractures With NMR Imaging
Li 2024,ссылается,10.2118/14854-pa,1987,39,SPE Production Engineering,Rheological Properties of Daqing Crude Oil and Their Application in Pipeline Transportation
Li 2024,ссылается,10.2118/110518-ms,2008,38,,Comparison Study of Capillary Pressure Curves Obtained Using Traditional Centrifuge and Magnetic Resonance Imaging Techniques
Li 2024,ссылается,10.1016/j.petrol.2021.108734,2021,34,Journal of Petroleum Science and Enginee,Study on waxy crudes characterisation and chemical inhibitor assessment
Li 2024,ссылается,10.1038/s41598-022-21778-0,2022,33,Scientific Reports,Experience of virtual commissioning of a process control system for the production of high-paraffin oil
Li 2024,ссылается,10.1007/s10973-015-4451-1,2015,33,Journal of Thermal Analysis and Calorime,"Utilization of DSC, NIR, and NMR for wax appearance temperature and chemical additive performance characterization"
Li 2024,ссылается,10.1122/1.5133037,2020,29,Journal of Rheology,Stress fluctuations and shear thickening in dense granular suspensions
Li 2024,ссылается,10.2118/30557-pa,1997,27,SPE Formation Evaluation,NMR Imaging of Immiscible Displacements in Porous Media
Li 2024,ссылается,10.1115/1.4041908,2018,25,Journal of Turbomachinery,Three-Dimensional Visualization of Flow Characteristics Using a Magnetic Resonance Imaging in a Lattice Cooling Channel
Li 2024,ссылается,10.1021/acs.energyfuels.6b01535,2016,25,Energy & Fuels,New Insight into the Wax Precipitation Process: In Situ NMR Imaging Study in a Cold Finger Cell
Li 2024,ссылается,10.1021/acs.energyfuels.0c02274,2020,22,Energy & Fuels,Effect of Initial Cooling Temperature on Structural Behaviors of Gelled Waxy Crude Oil and Microscopic Mechanism Investigation
Li 2024,ссылается,10.2118/197715-ms,2019,20,Abu Dhabi International Petroleum Exhibi,A Microfluidic Study of Wettability Alteration Rate on Enhanced Oil Recovery in Oil-Wet Porous Media
Li 2024,ссылается,10.1016/j.fuel.2017.04.039,2017,18,Fuel,On the use of Modulated Temperature Differential Scanning Calorimetry to assess wax crystallization in crude oils
Li 2024,ссылается,10.1016/j.geoen.2023.211770,2023,17,Geoenergy Science and Engineering,A comprehensive study on the enhancements of rheological property and application performances for high viscous drag reducer by adding dilut
Li 2024,ссылается,10.1103/physrevapplied.15.054003,2021,12,Physical Review Applied,"Solving Multiphysics, Multiparameter, Multimodal Inverse Problems: An Application to NMR Relaxation in Porous Media"
Li 2024,ссылается,10.2118/128873-ms,2010,8,SPE Oil and Gas India Conference and Exh,"Case Study of the Impact of Cold and Hot Waterflooding Performance by Simulation and Experiment of High Pour Point Oil Reservoir, Liaohe Oil"
Li 2024,ссылается,10.1007/s10553-006-0077-0,2006,4,Chemistry and Technology of Fuels and Oi,Scanning calorimetry and thermogravimetry in analysis of petroleum systems. Determination of the component composition
Li 2024,цитирует,10.3390/jcs9080395,2025,8,Journal of Composites Science,"Recent Advances in the Development and Industrial Applications of Wax Inhibitors: A Comprehensive Review of Nano, Green, and Classic Materia"
Li 2024,цитирует,10.2118/233405-pa,2026,2,SPE Journal,Liquid Nitrogen Cryogenic Fracturing in Coalbed Methane Reservoirs: A Comprehensive Review
Li 2024,цитирует,10.2118/224306-ms,2025,2,SPE International Conference on Oilfield,Biosurfactant Nano-Micelles and Bio-Solvents: A Water-Based Approach to Remediate Organic Deposits
Li 2024,цитирует,10.3390/pr14152455,2026,0,Processes,Techno-Economic Optimization of Hot-Water Flooding and Injection Conversion Strategies for a Heavy Oil Reservoir: A Case Study of the A66 Bl
Li 2024,цитирует,10.1021/acs.langmuir.5c03400,2025,0,Langmuir,Study on Wettability Reversal Evolution and Wax Removal: Enhancement Mechanism Based on the CO2 Synergistic Effect
Xie 2020,ссылается,10.1016/j.fuel.2011.10.038,2011,112,Fuel,Effect of asphaltenes on equilibrium and rheological properties of waxy model systems
Xie 2020,ссылается,10.1016/j.fuproc.2016.02.005,2016,96,Fuel Processing Technology,Effect of the dispersion degree of asphaltene on wax deposition in crude oil under static conditions
Xie 2020,ссылается,10.1016/j.marpetgeo.2017.07.005,2017,87,Marine and Petroleum Geology,"Quantitative impact of diagenesis on reservoir quality of the Triassic Chang 6 tight oil sandstones, Zhenjing area, Ordos Basin, China"
Xie 2020,ссылается,10.1016/s0016-2361(00)00207-6,2001,48,Fuel,Application of a heat transfer method to determine wax deposition in a hydrocarbon binary mixture
Xie 2020,ссылается,10.1016/s0016-2361(02)00316-2,2003,43,Fuel,The pressure effect on the wax formation in diesel fuel☆
Xie 2020,ссылается,10.1016/j.fuel.2018.07.145,2018,35,Fuel,Speciation and quantification of high molecular weight paraffins in Brazilian whole crude oils using high-temperature comprehensive two-dime
Xie 2020,ссылается,10.3390/en13061338,2020,33,Energies,Determination of NMR T2 Cutoff and CT Scanning for Pore Structure Evaluation in Mixed Siliciclastic–Carbonate Rocks before and after Acidifi
Xie 2020,ссылается,10.1111/1755-6724.13094,2017,32,Acta Geologica Sinica - English Edition,A Marine or Continental Nature of the Deltas in the Early Cretaceous Lingshandao Formation-Evidences from Trace Elements
Xie 2020,ссылается,10.1007/s13146-020-00583-8,2020,31,Carbonates and Evaporites,Lithology identification and reservoir characteristics of the mixed siliciclastic-carbonate rocks of the lower third member of the Shahejie 
Xie 2020,ссылается,10.3390/en11020272,2018,22,Energies,Lost Gas Mechanism and Quantitative Characterization during Injection and Production of Water-Flooded Sandstone Underground Gas Storage
Xie 2020,ссылается,10.1016/j.petrol.2016.05.044,2016,22,Journal of Petroleum Science and Enginee,A case study of crude oil alteration in a clastic reservoir by waterflooding
Xie 2020,ссылается,10.1007/s12517-019-4928-5,2019,19,Arabian Journal of Geosciences,Characteristics and sedimentary model of a reticular shallow-water delta with distributary channels: lower member of the Neogene Minghuazhen
Xie 2020,ссылается,10.1016/j.petrol.2012.08.012,2012,15,Journal of Petroleum Science and Enginee,Prediction of wax precipitation temperature in petroleum reservoirs upon methane injection
Xie 2020,ссылается,10.1016/j.petrol.2009.06.009,2009,15,Journal of Petroleum Science and Enginee,An investigation on the sensitivity analysis of the parameters of proposed wax precipitation model
Xie 2020,ссылается,10.1016/j.apm.2010.05.010,2010,7,Applied Mathematical Modelling,Application of Gaussian quadrature method to characterize heavy ends of hydrocarbon fluids for modeling wax precipitation
Xie 2020,ссылается,10.1002/apj.2455,2020,5,Asia-Pacific Journal of Chemical Enginee,Gas–liquid two‐phase flow characteristics of the jet vortex drainage gas production tool based on computational fluid dynamics
Xie 2020,ссылается,10.1002/apj.245,2009,5,Asia-Pacific Journal of Chemical Enginee,A simulated auto‐thermal membrane reformer process for a PEM fuel cell micro cogeneration unit
Xie 2020,цитирует,10.1016/j.csite.2022.102398,2022,9,Case Studies in Thermal Engineering,Failure mechanism of a coil type crude oil heater and optimization method
Xie 2020,цитирует,10.1007/s13202-022-01496-z,2022,6,Journal of Petroleum Exploration and Pro,Sand-mudstone modeling of fluvial fan sedimentary facies: a case study of Shanxi Formation reservoir in Ordos Basin
Xie 2020,цитирует,10.3389/feart.2021.663401,2021,5,Frontiers in Earth Science,Reservoir Characteristics and Main Controlling Factors of the Mesozoic Volcanic Rocks in the D Oilfield in Southern Gentle Slope Zone of the
Xie 2020,цитирует,10.1021/acs.energyfuels.2c01054,2022,4,Energy & Fuels,Wax-Out Cryo-trapping: A New Trap-Filling Process in Fluid Migration to Oilfields
Xie 2020,цитирует,10.1007/s13202-021-01144-y,2021,3,Journal of Petroleum Exploration and Pro,Study on the practice of downhole dewaxing by in situ generated heat
Xie 2020,цитирует,10.2118/234934-ms,2026,0,SPE Nigeria Annual International Confere,A Low Order Model for the Prediction of Wax Deposition and Inhibition
Xie 2020,цитирует,10.1002/dug2.70046,2025,0,Deep Underground Science and Engineering,An assessment of stress and production rate of sucker rod heat pipes in oil well pumping system
Xie 2020,цитирует,10.1002/ese3.2027,2025,0,Energy Science & Engineering,Analysis of Geological Characteristics and Reservoir Potential Formation Damage Factors of Shallow Low‐Temperature Low‐Pressure Low‐Permeabi
Civan 2015,ссылается,10.1016/s0927-7757(97)89090-5,1997,415,Colloids and Surfaces A Physicochemical ,"Particle deposition and aggregation, measurement, modeling and simulation"
Civan 2015,ссылается,10.1016/s0920-4105(98)00083-7,1999,274,Journal of Petroleum Science and Enginee,Modification of Darcy's law for the threshold pressure gradient
Civan 2015,ссылается,10.1016/j.petrol.2009.06.016,2009,244,Journal of Petroleum Science and Enginee,Flow of dispersed particles through porous media — Deep bed filtration
Civan 2015,ссылается,10.1002/9781118086810,2011,170,Wiley eBooks,Porous Media Transport Phenomena
Civan 2015,ссылается,10.1115/1.1924398,2005,129,Journal of Energy Resources Technology,Mechanism of Formation Damage at Elevated Temperature
Civan 2015,ссылается,10.1103/physrevlett.98.114502,2007,114,Physical Review Letters,General Probabilistic Approach to the Filtration Process
Civan 2015,ссылается,10.1007/s11242-010-9557-0,2010,112,Transport in Porous Media,Non-isothermal Permeability Impairment by Fines Migration and Deposition in Porous Media including Dispersive Transport
Civan 2015,ссылается,10.2118/7006-pa,1982,110,Society of Petroleum Engineers Journal,Particle Transport Through Perforations
Civan 2015,ссылается,10.1016/j.jcp.2008.11.029,2008,90,Journal of Computational Physics,Deformation of elastic particles in viscous shear flow
Civan 2015,ссылается,10.2118/19420-pa,1993,77,SPE Advanced Technology Series,Simulation of Formation Damage in Petroleum Reservoirs
Civan 2015,ссылается,10.1017/jfm.2011.347,2011,65,Journal of Fluid Mechanics,Rheology of a suspension of elastic particles in a viscous shear flow
Civan 2015,ссылается,10.1016/j.petrol.2005.11.010,2006,65,Journal of Petroleum Science and Enginee,Correction of basic equations for deep bed filtration with dispersion
Civan 2015,ссылается,10.1002/num.1690100503,1994,62,Numerical Methods for Partial Differenti,Solving multivariable mathematical models by the quadrature and cubature methods
Civan 2015,ссылается,10.1016/0021-9797(91)90069-k,1991,57,Journal of Colloid and Interface Science,Microrheological models of aggregated suspensions in shear flow
Civan 2015,ссылается,10.1007/s12665-010-0755-4,2010,43,Environmental Earth Sciences,Transport and retention of microparticles in packed sand columns at low and intermediate ionic strengths: experiments and mathematical model
Civan 2015,ссылается,10.2118/122241-pa,2010,42,SPE Journal,Formation-Damage and Well-Productivity Simulation
Civan 2015,ссылается,10.2118/153557-pa,2013,41,SPE Production & Operations,Experimental Investigation and Correlation of Treatment in Weak and High-Permeability Formations by Use of Gel Particles
Civan 2015,ссылается,10.1016/0009-2509(65)80084-7,1965,40,Chemical Engineering Science,Clarification of suspensions: a study of particle deposition in granular media
Civan 2015,ссылается,10.1016/0920-4105(94)90039-6,1994,39,Journal of Petroleum Science and Enginee,Drilling mud filtrate invasion—improved model and solution
Civan 2015,ссылается,10.2118/98-03-03,1998,36,Journal of Canadian Petroleum Technology,Modelling of Sand Production From Wells On Primary Recovery
Civan 2015,ссылается,10.2118/120847-pa,2009,29,SPE Drilling & Completion,Correlating Flowing Time and Condition For Perforation Plugging By Suspended Particles
Civan 2015,ссылается,10.1615/jpormedia.v9.i6.40,2006,24,Journal of Porous Media,Correlation of Criteria for Perforation and Pore Plugging by Particles
Civan 2015,ссылается,10.2118/84603-ms,2003,22,SPE Annual Technical Conference and Exhi,"Leaky-Tube Permeability Model for Identification, Characterization, and Calibration of Reservoir Flow Units"
Civan 2015,ссылается,10.2118/94271-ms,2005,21,SPE Production Operations Symposium,Improved Permeability Equation From the Bundle-of-Leaky-Capillary-Tubes Model
Civan 2015,ссылается,10.1016/j.seppur.2008.10.031,2008,19,Separation and Purification Technology,A proposed correlation equation for predicting filter coefficient under unfavorable deposition conditions
Civan 2015,ссылается,10.1016/0307-904x(94)00031-z,1995,18,Applied Mathematical Modelling,Practical implementation of the finite-analytic method
Civan 2015,ссылается,10.1615/jpormedia.v5.i4.50,2002,17,Journal of Porous Media,Implications of Alternative Macroscopic Descriptions Illustrated by General Balance and Continuity Equations
Civan 2015,ссылается,10.1002/num.20346,2008,15,Numerical Methods for Partial Differenti,Practical finite‐analytic method for solving differential equations by compact numerical schemes
Civan 2015,ссылается,10.1180/claymin.1987.022.1.05,1987,14,Clay Minerals,Filtration of clay suspensions through sand
Civan 2015,ссылается,10.1615/jpormedia.v13.i10.10,2010,12,Journal of Porous Media,MODELING TRANSPORT IN POROUS MEDIA BY CONTROL VOLUME ANALYSIS
Civan 2015,ссылается,10.2118/112434-pa,2009,11,SPE Journal,"Mechanisms, Parameters, and Modeling of Naphthenate-Soap-Induced Formation Damage"
Civan 2015,ссылается,10.2118/23815-ms,1992,9,SPE Formation Damage Control Symposium,Damage Caused by Clay-Based and Clay-Free Inhibitive Fluids in Sandstone Formations
Civan 2015,ссылается,10.2118/168130-ms,2014,8,,Development of Injectivity Damage Due to Oily Waste Water in Linear Flow
Civan 2015,ссылается,10.1080/15567030701468084,2009,6,Energy Sources Part A Recovery Utilizati,Investigation of Porosity and Permeability Impairment in Sandstones by X-ray Analysis and Simulation
Civan 2015,ссылается,10.1098/rspa.1934.0169,1934,2505,Proceedings of the Royal Society of Lond,The formation of emulsions in definable fields of flow
Civan 2015,ссылается,10.1146/annurev.fl.26.010194.000433,1994,1159,Annual Review of Fluid Mechanics,Dynamics of Drop Deformation and Breakup in Viscous Fluids
Civan 2015,ссылается,10.1002/aic.690010409,1955,1042,AIChE Journal,"Flow of non‐newtonian fluids—correlation of the laminar, transition, and turbulent‐flow regions"
Civan 2015,ссылается,10.1306/3d9343f4-16b1-11d7-8645000102c1865d,1952,497,AAPG Bulletin,Resistivity of Brine-Saturated Sands in Relation to Pore Geometry
Civan 2015,ссылается,10.2118/144253-pa,2012,110,SPE Journal,Determining Shale Permeability to Gas by Simultaneous Analysis of Various Pressure Tests
Civan 2015,ссылается,10.1016/0009-2509(65)80083-5,1965,90,Chemical Engineering Science,Clarification of suspensions: a study of particle deposition in granular media
Civan 2015,ссылается,10.1002/aic.690440424,1998,57,AIChE Journal,Existence of a critical particle concentration in plugging of a packed bed
Civan 2015,ссылается,10.1016/j.petrol.2007.01.002,2007,53,Journal of Petroleum Science and Enginee,Alteration of permeability by drilling fluid invasion and flow reversal
Civan 2015,ссылается,10.1007/s11242-006-9005-3,2006,26,Transport in Porous Media,Temperature Effect on Power for Particle Detachment from Pore Wall Described by an Arrhenius-Type Equation
Civan 2015,ссылается,10.1201/9780415876384.pt6,2005,13,CRC Press eBooks,Modeling Particle Migration and Deposition in Porous Media by Parallel Pathways with Exchange
Civan 2015,ссылается,10.1201/b18614-13,2015,6,CRC Press eBooks,Theoretical Analysis of Transport in Porous Media: Multi-Equation and Hybrid Models for a Generic Transport Problem with Nonlinear Source Te
Civan 2015,ссылается,10.1201/9780415876384.ch12,2005,6,CRC Press eBooks,Analytical Models for Porous Media Impairment by Particles in Rectilinear and Radial Flows
Civan 2015,цитирует,10.1016/j.enggeo.2023.107150,2023,61,Engineering Geology,Characteristics and quantification of fine particle loss in internally unstable sandy gravels induced by seepage flow
Civan 2015,цитирует,10.1016/j.petsci.2022.08.004,2022,56,Petroleum Science,Plugging performance and mechanism of an oil-absorbing gel for lost circulation control while drilling in fractured formations
Civan 2015,цитирует,10.1029/2021jb021894,2021,38,Journal of Geophysical Research Solid Ea,Episodicity and Migration of Low Frequency Earthquakes Modeled With Fast Fluid Pressure Transients in the Permeable Subduction Interface
Civan 2015,цитирует,10.1016/j.compgeo.2023.106021,2023,35,Computers and Geotechnics,Modelling erosion and stability degradation of a reservoir slope under periodic water level fluctuations
Civan 2015,цитирует,10.1016/j.petrol.2021.109080,2021,30,Journal of Petroleum Science and Enginee,Effect of fracture roughness on transport of suspended particles in fracture during drilling
Civan 2015,цитирует,10.1016/j.compgeo.2021.104021,2021,21,Computers and Geotechnics,Modeling of internal erosion using particle size as an extra dimension
Civan 2015,цитирует,10.1016/j.fuel.2022.126578,2022,13,Fuel,Permeability decline by fines migration near sand control screens in steam assisted gravity drainage: A numerical assessment
Civan 2015,цитирует,10.3389/fenrg.2024.1399477,2024,12,Frontiers in Energy Research,Evolution of pore structure during fines migration in sand pack: NMR experimental and numerical investigations
Civan 2015,цитирует,10.1016/j.enggeo.2025.108118,2025,7,Engineering Geology,Numerical investigation of internal erosion mechanisms regarding stratigraphy: Agly dike case study
Civan 2015,цитирует,10.1680/jgele.22.00130,2023,7,Géotechnique Letters,Coupling of hydraulic loading and surcharge pressure during suffusion in sandy gravels
Civan 2015,цитирует,10.1016/j.petrol.2022.110859,2022,6,Journal of Petroleum Science and Enginee,Novel laboratory methodology for fines migration testing for SAGD wells
Civan 2015,цитирует,10.1007/s10967-023-09112-y,2023,5,Journal of Radioanalytical and Nuclear C,Study on the clogging of suspended particles with different particle sizes in porous media in in situ leaching of uranium
Civan 2015,цитирует,10.2118/221460-pa,2024,4,SPE Journal,Visualization Experimental Study on In-Situ Triggered Displacement Mechanism by Microencapsulated Polymer in Porous Media
Civan 2015,цитирует,10.1016/j.chemosphere.2023.139387,2023,4,Chemosphere,Aquifer clogging caused by chlorine disinfection during the reclaimed water recharge
Civan 2015,цитирует,10.1016/j.compgeo.2025.107850,2025,3,Computers and Geotechnics,Advancing internal erosion analysis through three-dimensional FEM simulation: insights from the Agly river dike
Civan 2015,цитирует,10.2139/ssrn.4176144,2022,2,SSRN Electronic Journal,Permeability Decline by Fines Migration Near Sand Control Screens in Steam Assisted Gravity Drainage: A Numerical Assessment
Civan 2015,цитирует,10.31223/x59g7p,2021,2,,Episodicity and Migration of Low Frequency Earthquakes modeled with Fast Fluid Pressure Transients in the Permeable Subduction Interface
Civan 2015,цитирует,10.1016/j.rineng.2026.112866,2026,0,Results in Engineering,Mechanism of temporary plugging in unconsolidated sandstone reservoirs based on CFD-DEM
Civan 2015,цитирует,10.1016/j.advwatres.2026.105335,2026,0,Advances in Water Resources,Exact solutions for transport of distributed colloids in porous media
Civan 2015,цитирует,10.1016/j.applthermaleng.2026.130935,2026,0,Applied Thermal Engineering,An experimental–modelling framework to assess the impact of salinity and thermal stimulation on kaolinitic fines mobilisation
Civan 2015,цитирует,10.1007/s11440-026-02927-5,2026,0,Acta Geotechnica,Suffusion-induced stratification exacerbation in reclaimed coral sand foundations
Civan 2015,цитирует,10.3103/s0027133023060018,2023,0,Moscow University Mechanics Bulletin,Traveling Wave Solutions to Equations of Two-Velocity Deep Bed Filtration
Civan 2015,цитирует,10.55959/msu0579-9368-1-64-6-10,2023,0,Вестник Московского университета. Серия ,Решения с бегущими волнами уравнений двухскоростной объемной фильтрации суспензии
Bedrikovetsky 2011,ссылается,10.1016/b978-0-12-391927-4.10024-6,2011,16978,Elsevier eBooks,Intermolecular and Surface Forces
Bedrikovetsky 2011,ссылается,10.1016/c2011-0-05119-0,2011,8987,Elsevier eBooks,Intermolecular and Surface Forces
Bedrikovetsky 2011,ссылается,10.1017/s0022112065000824,1965,3433,Journal of Fluid Mechanics,The lift on a small sphere in a slow shear flow
Bedrikovetsky 2011,ссылается,10.1016/0300-9467(81)80049-4,1981,2074,The Chemical Engineering Journal,Porous Media: Fluid Transport and Pore Structure
Bedrikovetsky 2011,ссылается,10.1016/0079-6816(93)90013-l,1993,1804,Progress in Surface Science,Theory of the stability of strongly charged lyophobic sols and of the adhesion of strongly charged particles in solutions of electrolytes
Bedrikovetsky 2011,ссылается,10.1021/es025899u,2003,856,Environmental Science & Technology,"Modeling Colloid Attachment, Straining, and Exclusion in Saturated Porous Media"
Bedrikovetsky 2011,ссылается,10.1016/0021-9797(81)90018-7,1981,836,Journal of Colloid and Interface Science,Approximate expressions for retarded van der waals interaction
Bedrikovetsky 2011,ссылается,10.1016/0009-2509(68)89039-6,1968,591,Chemical Engineering Science,A sphere in contact with a plane wall in a slow linear shear flow
Bedrikovetsky 2011,ссылается,10.1080/10643380091184174,2000,588,Critical Reviews in Environmental Scienc,"Removal of Viruses by Soil Passage: Overview of Modeling, Processes, and Parameters"
Bedrikovetsky 2011,ссылается,10.1017/s0022112068999990,1968,397,Journal of Fluid Mechanics,The lift on a small sphere in a slow shear flow - Corrigendum
Bedrikovetsky 2011,ссылается,10.2136/vzj2007.0092,2008,364,Vadose Zone Journal,"Colloid Transport and Retention in Unsaturated Porous Media: A Review of Interface‐, Collector‐, and Pore‐Scale Processes and Models"
Bedrikovetsky 2011,ссылается,10.1016/s0376-7388(96)00235-9,1997,328,Journal of Membrane Science,Particle deposition and layer formation at the crossflow microfiltration
Bedrikovetsky 2011,ссылается,10.1016/j.watres.2005.11.018,2006,281,Water Research,Evaluation of data from the literature on the transport and survival of Escherichia coli and thermotolerant coliforms in aquifers under satu
Bedrikovetsky 2011,ссылается,10.1016/j.memsci.2004.07.011,2004,275,Journal of Membrane Science,Direct observation of biofouling in cross-flow microfiltration: mechanisms of deposition and release
Bedrikovetsky 2011,ссылается,10.1016/c2013-0-04548-3,1995,244,Elsevier eBooks,Particle Deposition and Aggregation
Bedrikovetsky 2011,ссылается,10.1016/0956-9618(94)80024-3,1994,179,Separations Technology,"Particle deposition on ideal collectors from dilute flowing suspensions: Mathematical formulation, numerical solution, and simulations"
Bedrikovetsky 2011,ссылается,10.1016/s0022-1694(98)00169-3,1998,176,Journal of Hydrology,Permeability decrease in sandstone reservoirs by fluid injection
Bedrikovetsky 2011,ссылается,10.1016/s0920-4105(01)00159-0,2001,173,Journal of Petroleum Science and Enginee,Characterisation of deep bed filtration system from laboratory pressure drop measurements
Bedrikovetsky 2011,ссылается,10.1006/jcis.1994.1060,1994,168,Journal of Colloid and Interface Science,Mechanism of Cake Buildup in Crossflow Filtration of Colloidal Suspensions
Bedrikovetsky 2011,ссылается,10.1007/978-1-4757-3518-5,2001,140,Interdisciplinary applied mathematics,Transport Modeling in Hydrogeochemical Systems
Bedrikovetsky 2011,ссылается,10.1016/j.advwatres.2006.05.020,2006,116,Advances in Water Resources,Deposition and re-entrainment dynamics of microbes and non-biological colloids during non-perturbed transport in porous media in the presenc
Bedrikovetsky 2011,ссылается,10.1006/jcis.2000.7218,2001,113,Journal of Colloid and Interface Science,Detachment of Particles from Surfaces: An AFM Study
Bedrikovetsky 2011,ссылается,10.2118/38181-ms,1997,100,SPE European Formation Damage Conference,Determination of the Filtration Coefficient and the Transition Time for Water Injection Wells
Bedrikovetsky 2011,ссылается,10.1016/j.jaerosci.2008.04.004,2008,90,Journal of Aerosol Science,Aerosol focusing in micro-capillaries: Theory and experiment
Bedrikovetsky 2011,ссылается,10.1007/s11242-005-5175-7,2006,72,Transport in Porous Media,A Stochastic Model for Particulate Suspension Flow in Porous Media
Bedrikovetsky 2011,ссылается,10.1007/978-3-540-71339-5,2007,70,Springer eBooks,Colloidal Transport in Porous Media
Bedrikovetsky 2011,ссылается,10.2118/31119-ms,1996,66,SPE Formation Damage Control Symposium,A New Model for Formation Damage by Particle Retention
Bedrikovetsky 2011,ссылается,10.2118/107666-pa,2008,60,SPE Production & Operations,Injectivity Decline From Produced-Water Reinjection: New Insights on In-Depth Particle-Deposition Mechanisms
Bedrikovetsky 2011,ссылается,10.2118/25432-ms,1993,58,SPE Production Operations Symposium,Laboratory Measurement of Critical Rate: A Novel Approach for Quantifying Fines Migration Problems
Bedrikovetsky 2011,ссылается,10.2118/94635-ms,2005,50,SPE European Formation Damage Conference,External Filter Cake Erosion: Mathematical Model and Experimental Study
Bedrikovetsky 2011,ссылается,10.1007/978-3-540-71339-5_5,2007,44,Springer eBooks,Colloid and Microbe Migration in Granular Environments: A Discussion of Modelling Methods
Bedrikovetsky 2011,ссылается,10.1007/978-94-015-8626-9,1996,44,Theory and applications of transport in ,Percolation Models for Transport in Porous Media
Bedrikovetsky 2011,ссылается,10.1080/10916460802105666,2009,39,Petroleum Science and Technology,Modeling of External Filter Cake Build-up in Radial Geometry
Bedrikovetsky 2011,ссылается,10.1007/s11242-007-9201-9,2008,22,Transport in Porous Media,Mechanisms of Particle Transport Acceleration in Porous Media
Bedrikovetsky 2011,ссылается,10.1007/978-94-015-9074-7_1,1998,19,Theory and applications of transport in ,Practical Consequences of Release and Migration of Fines in Porous Media
Bedrikovetsky 2011,ссылается,10.1007/s11242-007-9128-1,2007,17,Transport in Porous Media,A pseudo two-phase model of colloid transport in porous media
Bedrikovetsky 2011,ссылается,10.2118/28760-ms,1994,15,SPE Asia Pacific Oil and Gas Conference ,Prediction of Critical Condition for Fines Migration in Petroleum Reservoirs
Bedrikovetsky 2011,ссылается,10.1016/0043-1354(88)90108-x,1988,11,Water Research,Consequences of the mass balance simplification in modelling deep filtration
Bedrikovetsky 2011,цитирует,10.1021/acs.energyfuels.1c00931,2021,90,Energy & Fuels,"Well Injectivity during CO2 Geosequestration: A Review of Hydro-Physical, Chemical, and Geomechanical Effects"
Bedrikovetsky 2011,цитирует,10.1016/j.energy.2021.122507,2021,68,Energy,Particle migration and formation damage during geothermal exploitation from weakly consolidated sandstone reservoirs via water and CO2 recyc
Bedrikovetsky 2011,цитирует,10.1016/j.cis.2021.102595,2021,56,Advances in Colloid and Interface Scienc,Coal fines migration: A holistic review of influencing factors
Bedrikovetsky 2011,цитирует,10.1016/j.powtec.2021.09.051,2021,54,Powder Technology,The attachment-detachment mechanism of ionic/nanoscale/microscale substances on quartz sand in water
Bedrikovetsky 2011,цитирует,10.1016/j.coal.2021.103728,2021,48,International Journal of Coal Geology,Detachment of coal fines deposited in proppant packs induced by single-phase water flow: Theoretical and experimental analyses
Bedrikovetsky 2011,цитирует,10.1016/j.jhydrol.2023.130066,2023,38,Journal of Hydrology,Experimental Review: Particle clogging in porous sandstone geothermal reservoirs during tail water reinjection
Bedrikovetsky 2011,цитирует,10.1016/j.advwatres.2021.103888,2021,32,Advances in Water Resources,Insight into particle detachment in clogging of porous media; a pore scale study using lattice Boltzmann method
Bedrikovetsky 2011,цитирует,10.1016/j.jhydrol.2022.128533,2022,31,Journal of Hydrology,In-situ fines migration and grains redistribution induced by mineral reactions – Implications for clogging during water injection in carbona
Bedrikovetsky 2011,цитирует,10.1016/j.jngse.2021.104193,2021,29,Journal of Natural Gas Science and Engin,"Formation damage mechanisms in tight carbonate reservoirs: The typical illustrations in Qaidam Basin and Sichuan Basin, China"
Bedrikovetsky 2011,цитирует,10.1016/j.ces.2021.116658,2021,27,Chemical Engineering Science,Impact of shape on particle detachment in linear shear flows
Bedrikovetsky 2011,цитирует,10.1016/j.cej.2023.145436,2023,26,Chemical Engineering Journal,Colloidal detachment in porous media: Stochastic model and upscaling
Bedrikovetsky 2011,цитирует,10.1016/j.jhydrol.2021.126660,2021,25,Journal of Hydrology,Fines migration in aquifers: Production history treatment and well behaviour prediction
Bedrikovetsky 2011,цитирует,10.1007/s11440-024-02389-7,2024,24,Acta Geotechnica,Review on the impact of fluid inertia effect on hydraulic fracturing and controlling factors in porous and fractured media
Bedrikovetsky 2011,цитирует,10.1016/j.jhazmat.2024.133546,2024,23,Journal of Hazardous Materials,"Fate and cotransport of Pb(II) and Cd(II) heavy ions with bentonite colloidal flow in saturated porous media: The role of filter cake, count"
Bedrikovetsky 2011,цитирует,10.1016/j.jconhyd.2022.103954,2022,23,Journal of Contaminant Hydrology,"Transport characteristics of DNA-tagged silica colloids as a colloidal tracer in saturated sand columns; role of solution chemistry, flow ve"
Bedrikovetsky 2011,цитирует,10.1016/j.molliq.2023.121462,2023,22,Journal of Molecular Liquids,An integrated modeling approach to predict critical flow rate for fines migration initiation in sandstone reservoirs and water-bearing forma
Bedrikovetsky 2011,цитирует,10.1016/j.trgeo.2021.100669,2021,22,Transportation Geotechnics,Pumping effect of rainfall-induced excess pore pressure on particle migration
Bedrikovetsky 2011,цитирует,10.1016/j.fuel.2021.120174,2021,21,Fuel,A model for interpretation of nanoparticle-assisted oil recovery: Numerical study of nanoparticle-enhanced spontaneous imbibition experiment
Bedrikovetsky 2011,цитирует,10.1016/j.petrol.2021.109830,2021,20,Journal of Petroleum Science and Enginee,Experimental insight into the silica nanoparticle transport in dolomite rocks: Spotlight on DLVO theory and permeability impairment
Bedrikovetsky 2011,цитирует,10.3390/en15082845,2022,19,Energies,Colloid Migration as a Reason for Porous Sandstone Permeability Degradation during Coreflooding
Bedrikovetsky 2011,цитирует,10.1016/j.petrol.2021.109500,2021,19,Journal of Petroleum Science and Enginee,Forecasting the impact of formation damage on relative permeability during low-salinity waterflooding
Bedrikovetsky 2011,цитирует,10.1111/gwat.13127,2021,19,Ground Water,Permeability Decline by Clay Fines Migration around a Low‐Salinity Fluid Injection Well
Bedrikovetsky 2011,цитирует,10.1029/2023wr035456,2024,18,Water Resources Research,Colloid Transport and Retention in Constricted Tube Pore Spaces With Diverse Geometries and Orientations
Bedrikovetsky 2011,цитирует,10.1007/s11242-023-01979-5,2023,17,Transport in Porous Media,Apparent Permeability Evolution Due to Colloid Migration Under Cyclic Confining Pressure: On the Example of Porous Limestone
Bedrikovetsky 2011,цитирует,10.1155/2021/5560634,2021,17,Geofluids,"Characteristics of the Coal Fines Produced from Low-Rank Coal Reservoirs and Their Wettability and Settleability in the Binchang Area, South"
Bedrikovetsky 2011,цитирует,10.1016/j.energy.2023.129838,2023,16,Energy,Effect of sand production on physical properties and fracturing development of gas hydrate reservoir
Bedrikovetsky 2011,цитирует,10.1016/j.fuel.2023.127926,2023,16,Fuel,An NMR-assisted laboratory investigation of coal fines migration in fracture proppants during single-phase water production
Bedrikovetsky 2011,цитирует,10.1016/j.partic.2021.05.004,2021,16,Particuology,Lattice–Boltzmann simulations for analysing the detachment of micron-sized spherical particles from surfaces with large-scale roughness stru
Bedrikovetsky 2011,цитирует,10.3390/en15176137,2022,15,Energies,Permeability Evolution of Porous Sandstone in the Initial Period of Oil Production: Comparison of Well Test and Coreflooding Data
Bedrikovetsky 2011,цитирует,10.1016/j.ces.2021.117046,2021,15,Chemical Engineering Science,Pore-scale CFD simulations of clay mobilization in natural porous media due to fresh water injection
Bedrikovetsky 2011,цитирует,10.2118/214674-pa,2023,14,SPE Journal,Hydrate Reservoir Stimulation and Sand Control by Liquid-Solid Phase Change Proppant Filled in Radial Well
Bedrikovetsky 2011,цитирует,10.1016/j.fuel.2022.124887,2022,14,Fuel,Well inflow performance under fines migration during water-cut increase
Bedrikovetsky 2011,цитирует,10.3390/geosciences11110443,2021,14,Geosciences,Long-Term Evolution of Fracture Permeability in Slate: An Experimental Study with Implications for Enhanced Geothermal Systems (EGS)
Bedrikovetsky 2011,цитирует,10.1016/j.jhydrol.2024.132483,2024,13,Journal of Hydrology,"A theoretical model to predict the influence of physicochemical conditions on colloid transport, attachment, detachment, and blocking in por"
Bedrikovetsky 2011,цитирует,10.1016/j.jenvman.2023.118193,2023,13,Journal of Environmental Management,Effect of type of ion and temperature on fines migration induced by mineral reactions during water injection into carbonate rocks
Bedrikovetsky 2011,цитирует,10.1016/j.petrol.2021.108953,2021,13,Journal of Petroleum Science and Enginee,Production versus injection induced poroelasticity in porous media incorporating fines migration
Bedrikovetsky 2011,цитирует,10.46690/ager.2023.11.06,2023,11,ADVANCES IN GEO-ENERGY RESEARCH,Numerical modeling of micro-particle migration in channels
Bedrikovetsky 2011,цитирует,10.1021/acs.energyfuels.2c01575,2022,11,Energy & Fuels,Dewatering Optimization of Coal Seam Gas Production Wells: A Review and Future Perspectives
Bedrikovetsky 2011,цитирует,10.1063/5.0294684,2025,10,Physics of Fluids,"Fines migration in porous media: A critical review of mechanisms, impacts, and mitigation strategies in subsurface energy operations"
Bedrikovetsky 2011,цитирует,10.1016/j.geoen.2024.212885,2024,10,Geoenergy Science and Engineering,Determining relative permeability and capillary pressure from mixed-wet core floods
Bedrikovetsky 2011,цитирует,10.46690/ager.2024.03.05,2024,10,ADVANCES IN GEO-ENERGY RESEARCH,Rock permeability evolution during cyclic loading and colloid migration after saturation and drying
Bedrikovetsky 2011,цитирует,10.1016/j.ijrmms.2023.105591,2023,10,International Journal of Rock Mechanics ,Particle detachment in reservoir flows by breakage due to induced stresses and drag
Bedrikovetsky 2011,цитирует,10.3390/en16083523,2023,10,Energies,Treatment of Oil Production Data under Fines Migration and Productivity Decline
Bedrikovetsky 2011,цитирует,10.1016/j.compgeo.2023.105409,2023,10,Computers and Geotechnics,Numerical study on coupled modelling of artificial freezing marine soil
Bedrikovetsky 2011,цитирует,10.1680/jgele.22.00017,2022,10,Géotechnique Letters,Colloidal-induced permeability degradation assessment of porous media
Bedrikovetsky 2011,цитирует,10.1016/j.colsurfa.2022.129451,2022,10,Colloids and Surfaces A Physicochemical ,"Image interpretation for kaolinite detachment from solid substrate: Type curves, stochastic model"
Bedrikovetsky 2011,цитирует,10.1007/s11242-021-01580-8,2021,10,Transport in Porous Media,"Injection-Induced Poroelastic Response of Porous Media Containing Fine Particles, Incorporating Particle Mobilization, Transport, and Strain"
